Symbol,CompanyName,DpmName
CQQQ,INVESCO EXCH TRADED FD TR II CHINA TECHNLGY,
CR,CRANE CO COM,
CRAI,CRA INTL INC COM,Belvedere Trading LLC
CRAK,VANECK VECTORS ETF TR OIL REFINERS ETF,
CRBN,ISHARES TR MSCI LW CRB TG,
CRBP,CORBUS PHARMACEUTICALS HLDGS I COM,Citadel Securities LLC
CRC,CALIFORNIA RES CORP COMMON STOCK,
CRD.A,CRAWFORD & CO CL A,
CRD.B,CRAWFORD & CO CL B,
CRDF,CARDIFF ONCOLOGY INC COM,Citadel Securities LLC
CREE,CREE INC COM,"Susquehanna Securities, LLC"
CREG,CHINA RECYCLING ENERGY CORP COM,
CRESY,CRESUD S A C I F Y A SPONSORED ADR,"Susquehanna Securities, LLC"
CREX,CREATIVE REALITIES INC COM NEW,
CREXW,CREATIVE REALITIES INC WT EXP 110922,
CRF,CORNERSTONE TOTAL RETURN FD IN COM,
CRH,CRH PLC ADR,"Susquehanna Securities, LLC"
CRHC,COHN ROBBINS HOLDINGS CORP COM CL A,
CRHC+,COHN ROBBINS HOLDINGS CORP WT EXP 082825,
CRHC=,COHN ROBBINS HOLDINGS CORP UNIT EX,
CRHM,CRH MED CORP COM,
CRI,CARTERS INC COM,"Susquehanna Securities, LLC"
CRIS,CURIS INC COM NEW,"Susquehanna Securities, LLC"
CRK,COMSTOCK RES INC COM,Citadel Securities LLC
CRL,CHARLES RIV LABS INTL INC COM,"Two Sigma Securities, LLC"
CRM,SALESFORCE COM INC COM,Citadel Securities LLC
CRMD,CORMEDIX INC COM,Morgan Stanley & Co. LLC
CRMT,AMERICAS CAR-MART INC COM,"Susquehanna Securities, LLC"
CRNC,CERENCE INC COM,"Wolverine Trading, LLC"
CRNT,CERAGON NETWORKS LTD ORD,Citadel Securities LLC
CRNX,CRINETICS PHARMACEUTICALS INC COM,
CROC,PROSHARES TR II PROSHS U/SHAUS,"Susquehanna Securities, LLC"
CRON,CRONOS GROUP INC COM,"Group One Trading, L.P."
CROX,CROCS INC COM,"Susquehanna Securities, LLC"
CRRTQ,CARBO CERAMICS INC COM,
CRS,CARPENTER TECHNOLOGY CORP COM,Citadel Securities LLC
CRSA,CRESCENT ACQUISITION CORP COM CL A,
CRSAU,CRESCENT ACQUISITION CORP UNIT,
CRSAW,CRESCENT ACQUISITION CORP WT EXP 030824,
CRSP,CRISPR THERAPEUTICS AG NAMEN AKT,"Group One Trading, L.P."
CRSR,CORSAIR GAMING INC COM,"Susquehanna Securities, LLC"
CRT,CROSS TIMBERS RTY TR TR UNIT,
CRTD,CREATD INC COM,
CRTDW,CREATD INC WT EXP 091525,
CRTO,CRITEO S A SPONS ADS,"Wolverine Trading, LLC"
CRTX,CORTEXYME INC COM,
CRUS,CIRRUS LOGIC INC COM,Morgan Stanley & Co. LLC
CRVL,CORVEL CORP COM,
CRVS,CORVUS PHARMACEUTICALS INC COM,"Group One Trading, L.P."
CRWD,CROWDSTRIKE HLDGS INC CL A,"Susquehanna Securities, LLC"
CRWS,CROWN CRAFTS INC COM,
CRY,CRYOLIFE INC COM,
CS,CREDIT SUISSE GROUP SPONSORED ADR,"Two Sigma Securities, LLC"
CSA,VICTORY PORTFOLIOS II VCSHS US SML CAP,
CSB,VICTORY PORTFOLIOS II VCSHS US SMCP HG,
CSBR,CHAMPIONS ONCOLOGY INC COM NEW,
CSCO,CISCO SYS INC COM,Citadel Securities LLC
CSCW,COLOR STAR TECHNOLOGY CO LTD SHS NEW,
CSD,INVESCO EXCHANGE TRADED FD TR S&P SPIN OFF,"Susquehanna Securities, LLC"
CSF,VICTORY PORTFOLIOS II VCSHS US DISCVRY,
CSGP,COSTAR GROUP INC COM,
CSGS,CSG SYS INTL INC COM,"Susquehanna Securities, LLC"
CSII,CARDIOVASCULAR SYS INC DEL COM,Morgan Stanley & Co. LLC
CSIQ,CANADIAN SOLAR INC COM,"Susquehanna Securities, LLC"
CSL,CARLISLE COS INC COM,
CSLT,CASTLIGHT HEALTH INC CL B,"Susquehanna Securities, LLC"
CSM,PROSHARES TR LARGE CAP CRE,
CSML,INDEXIQ ETF TR IQ CHAIKIN US,
CSOD,CORNERSTONE ONDEMAND INC COM,"Wolverine Trading, LLC"
CSPI,CSP INC COM,
CSPR,CASPER SLEEP INC COM,
CSQ,CALAMOS STRATEGIC TOTL RETN FD COM SH BEN INT,
CSR,CENTERSPACE COM,
CSR-C,CENTERSPACE 6.625% CUM PFD C,
CSSE,CHICKEN SOUP FOR THE SOUL ENTM CL A,
CSSEN,CHICKEN SOUP FOR THE SOUL ENTM 9.5% NT 25,
CSSEP,CHICKEN SOUP FOR THE SOUL ENTM 9.75% PFD SER A,
CSTE,CAESARSTONE LTD ORD SHS,Citadel Securities LLC
CSTL,CASTLE BIOSCIENCES INC COM,
CSTM,CONSTELLIUM SE CL A SHS,"Group One Trading, L.P."
CSTR,CAPSTAR FINL HLDGS INC COM,
CSU,CAPITAL SR LIVING CORP COM,Belvedere Trading LLC
CSV,CARRIAGE SVCS INC COM,"Susquehanna Securities, LLC"
CSWC,CAPITAL SOUTHWEST CORP COM,
CSWCL,CAPITAL SOUTHWEST CORP 5.95% NT 22,
CSWI,CSW INDUSTRIALS INC COM,
CSX,CSX CORP COM,GTS Securities LLC
CTA-A,DU PONT E I DE NEMOURS & CO PFD $3.50,
CTA-B,DU PONT E I DE NEMOURS & CO PFD $4.50,
CTAA,QWEST CORP NT 7% 2056,
CTAC,CERBERUS TELECOM ACQUISITION C SHS CL A,
CTAC+,CERBERUS TELECOM ACQUISITION C WT EXP,
CTAC=,CERBERUS TELECOM ACQUISITION C UNIT EX,
CTAQU,CARNEY TECHNOLOGY ACQU CORP II UNIT EXP 121025,
CTAS,CINTAS CORP COM,"Susquehanna Securities, LLC"
CTB,COOPER TIRE & RUBR CO COM,"Susquehanna Securities, LLC"
CTBB,QWEST CORP NT,
CTBI,COMMUNITY TR BANCORP INC COM,
CTDD,QWEST CORP 6.75% NT 57,
CTEC,GLOBAL X FDS CLEANTECH ETF,
CTEK,CYNERGISTEK INC COM,
CTG,COMPUTER TASK GROUP INC COM,"Susquehanna Securities, LLC"
CTHR,CHARLES & COLVARD LTD COM,
CTIB,YUNHONG CTI LTD COM,
CTIC,CTI BIOPHARMA CORP COM,"Susquehanna Securities, LLC"
CTK,COOTEK CAYMAN INC SPONSORED ADS,
CTLT,CATALENT INC COM,Citadel Securities LLC
CTMX,CYTOMX THERAPEUTICS INC COM,
CTO,CTO REALTY GROWTH INC COM,
CTR,CLEARBRIDGE MLP AND MIDSTRM TR COM,
CTRA,CONTURA ENERGY INC COM,
CTRE,CARETRUST REIT INC COM,"Susquehanna Securities, LLC"
CTRM,CASTOR MARITIME INC SHS,
CTRN,CITI TRENDS INC COM,Citadel Securities LLC
CTS,CTS CORP COM,Citadel Securities LLC
CTSH,COGNIZANT TECHNOLOGY SOLUTIONS CL A,Citadel Securities LLC
CTSO,CYTOSORBENTS CORP COM NEW,Citadel Securities LLC
CTT,CATCHMARK TIMBER TR INC CL A,
CTVA,CORTEVA INC COM,Citadel Securities LLC
CTXR,CITIUS PHARMACEUTICALS INC COM NEW,
CTXRW,CITIUS PHARMACEUTICALS INC WT EXP 080822,
CTXS,CITRIX SYS INC COM,Citadel Securities LLC
CUB,CUBIC CORP COM,Citadel Securities LLC
CUBA,HERZFELD CARIBBEAN BASIN FD IN COM,
CUBB,CUSTOMERS BANCORP INC 5.375% NT 34,
CUBE,CUBESMART COM,"Susquehanna Securities, LLC"
CUBI,CUSTOMERS BANCORP INC COM,
CUBI-C,CUSTOMERS BANCORP INC 7% PFD-C FIX/FLT,
CUBI-D,CUSTOMERS BANCORP INC PFD-D FIX/FLT,
CUBI-E,CUSTOMERS BANCORP INC PFD CUM SER E,
CUBI-F,CUSTOMERS BANCORP INC PFD NONCUM SER F,
CUE,CUE BIOPHARMA INC COM,Citadel Securities LLC
CUK,CARNIVAL PLC ADR,Belvedere Trading LLC
CULP,CULP INC COM,Belvedere Trading LLC
CURE,DIREXION SHS ETF TR HEALTHCARE BUL,"Susquehanna Securities, LLC"
CURI,CURIOSITYSTREAM INC COM CL A,
CURIW,CURIOSITYSTREAM INC WT EXP 10142025,
CURO,CURO GROUP HOLDINGS CORP COM,"Susquehanna Securities, LLC"
CUT,INVESCO EXCH TRADED FD TR II MSCI GBL TIMBR,
CUTR,CUTERA INC COM,GTS Securities LLC
CUZ,COUSINS PPTYS INC COM NEW,"Group One Trading, L.P."
CVA,COVANTA HLDG CORP COM,Citadel Securities LLC
CVAC,CUREVAC N V COM,"Group One Trading, L.P."
CVBF,CVB FINL CORP COM,"Susquehanna Securities, LLC"
CVCO,CAVCO INDS INC DEL COM,
CVCY,CENTRAL VY CMNTY BANCORP COM,
CVE,CENOVUS ENERGY INC COM,"Wolverine Trading, LLC"
CVEO,CIVEO CORP CDA COM NEW,"Susquehanna Securities, LLC"
CVET,COVETRUS INC COM,Belvedere Trading LLC
CVGI,COMMERCIAL VEH GROUP INC COM,
CVGW,CALAVO GROWERS INC COM,Citadel Securities LLC
CVI,CVR ENERGY INC COM,"Susquehanna Securities, LLC"
CVIAQ,COVIA HLDGS CORP COM,
CVLB,CONVERSION LABS INC COM NEW,
CVLG,COVENANT LOGISTICS GROUP INC CL A,"Wolverine Trading, LLC"
CVLT,COMMVAULT SYSTEMS INC COM,Citadel Securities LLC
CVLY,CODORUS VY BANCORP INC COM,
CVM,CEL-SCI CORP COM PAR NEW,Citadel Securities LLC
CVNA,CARVANA CO CL A,"Wolverine Trading, LLC"
CVR,CHICAGO RIVET & MACH CO COM,
CVS,CVS HEALTH CORP COM,"Susquehanna Securities, LLC"
CVU,CPI AEROSTRUCTURES INC COM NEW,
CVV,CVD EQUIP CORP COM,
CVX,CHEVRON CORP NEW COM,Citigroup Derivatives Markets Inc.
CVY,INVESCO EXCHANGE TRADED FD TR ZACKS MULT AST,"Susquehanna Securities, LLC"
CW,CURTISS WRIGHT CORP COM,GTS Securities LLC
CWB,SPDR SER TR BLMBRG BRC CNVRT,"Susquehanna Securities, LLC"
CWBC,COMMUNITY WEST BANCSHARES COM,
CWBR,COHBAR INC COM,
CWCO,CONSOLIDATED WATER CO INC ORD,Belvedere Trading LLC
CWEB,DIREXION SHS ETF TR DAILY CS 2X SH,
CWEN,CLEARWAY ENERGY INC CL C,Citadel Securities LLC
CWEN.A,CLEARWAY ENERGY INC CL A,"Wolverine Trading, LLC"
CWH,CAMPING WORLD HLDGS INC CL A,"Susquehanna Securities, LLC"
CWI,SPDR INDEX SHS FDS MSCI ACWI EXUS,Belvedere Trading LLC
CWK,CUSHMAN WAKEFIELD PLC SHS,"Wolverine Trading, LLC"
CWS,ADVISORSHARES TR ADVISORSHS ETF,
CWST,CASELLA WASTE SYS INC CL A,Belvedere Trading LLC
CWT,CALIFORNIA WTR SVC GROUP COM,Citadel Securities LLC
CX,CEMEX SAB DE CV SPON ADR NEW,Citigroup Derivatives Markets Inc.
CXDC,CHINA XD PLASTICS CO LTD COM,"Group One Trading, L.P."
CXDO,CREXENDO INC COM,
CXE,MFS HIGH INCOME MUN TR SH BEN INT,
CXH,MFS INVT GRADE MUN TR SH BEN INT,
CXO,CONCHO RES INC COM,"Susquehanna Securities, LLC"
CXP,COLUMBIA PPTY TR INC COM NEW,"Susquehanna Securities, LLC"
CXRXD,CXRXD,
CXRXF,CONCORDIA INTERNATIONAL CORP COM,
CXSE,WISDOMTREE TR CHINADIV EX FI,
CXW,CORECIVIC INC COM,"Wolverine Trading, LLC"
CYAD,CELYAD SA ADR,
CYAN,CYANOTECH CORP COM PAR $0.02,
CYB,WISDOMTREE TR CHINESE YUAN FD,Citadel Securities LLC
CYBE,CYBEROPTICS CORP COM,
CYBR,CYBERARK SOFTWARE LTD SHS,"Wolverine Trading, LLC"
CYCC,CYCLACEL PHARMACEUTICALS INC COM,
CYCCP,CYCLACEL PHARMACEUTICALS INC PFD CONV EX 6%,
CYCN,CYCLERION THERAPEUTICS INC COM,
CYD,CHINA YUCHAI INTL LTD COM,
CYH,COMMUNITY HEALTH SYS INC NEW COM,"Susquehanna Securities, LLC"
CYRN,CYREN LTD SHS,
CYRX,CRYOPORT INC COM PAR $0.001,Belvedere Trading LLC
CYTH,CYCLO THERAPEUTICS INC COM NEW,
CYTHW,CYCLO THERAPEUTICS INC WT EXP 111425,
CYTK,CYTOKINETICS INC COM NEW,"Group One Trading, L.P."
CYTR,CYTRX CORP COM,
CZA,INVESCO EXCHANGE TRADED FD TR ZACKS MID CAP,
CZNC,CITIZENS & NORTHN CORP COM,
CZR,CAESARS ENTERTAINMENT INC NEW COM,"Group One Trading, L.P."
CZWI,CITIZENS CMNTY BANCORP INC MD COM,
CZZ,COSAN LTD SHS A,Morgan Stanley & Co. LLC
D,DOMINION ENERGY INC COM,Citigroup Derivatives Markets Inc.
DAC,DANAOS CORPORATION SHS,
DADA,DADA NEXUS LTD ADS,
DAGXF,DEUTSCHE BK AG LDN BRH DB AGRIC DBL LN,
DAIO,DATA I O CORP COM,
DAKT,DAKTRONICS INC COM,"Susquehanna Securities, LLC"
DAL,DELTA AIR LINES INC DEL COM NEW,"Susquehanna Securities, LLC"
DALI,FIRST TR EXCHANGE-TRADED FD VI DORSEYWRGT ETF,
DALT,TWO RDS SHARED TR ANFIELD CAP DI,
DAN,DANA INC COM,"Wolverine Trading, LLC"
DAO,YOUDAO INC SPONSORED ADS,
DAR,DARLING INGREDIENTS INC COM,"Susquehanna Securities, LLC"
DARE,DARE BIOSCIENCE INC COM,
DASH,DOORDASH INC CL A,Citadel Securities LLC
DAUG,FIRST TR EXCHNG TRADED FD VIII VEST US DEEP,
DAVA,ENDAVA PLC ADS,
DAX,GLOBAL X FDS DAX GERMANY ETF,
DB,DEUTSCHE BANK A G NAMEN AKT,Citadel Securities LLC
DBA,INVESCO DB MULTI-SECTOR COMMOD AGRICULTURE FD,Citadel Securities LLC
DBAW,DBX ETF TR XTRACK MSCI ALL,
DBB,INVESCO DB MULTI-SECTOR COMMOD BASE METALS FD,"Susquehanna Securities, LLC"
DBC,INVESCO DB COMMDY INDX TRCK FD UNIT,"Susquehanna Securities, LLC"
DBD,DIEBOLD NXDF INC COM,"Susquehanna Securities, LLC"
DBDR,ROMAN DBDR TECH ACQUISITION CO COM CL A,
DBDRU,ROMAN DBDR TECH ACQUISITION CO UNIT EX 103125,
DBDRW,ROMAN DBDR TECH ACQUISITION CO WT EXP 103125,
DBE,INVESCO DB MULTI-SECTOR COMMOD ENERGY FD,
DBEF,DBX ETF TR XTRACK MSCI EAFE,"Susquehanna Securities, LLC"
DBEH,MANAGER DIRECTED PORTFOLIOS IM DBI HEDGE,
DBEM,DBX ETF TR XTRACK MSCI EMRG,
DBEU,DBX ETF TR XTRACK MSCI EURP,"Susquehanna Securities, LLC"
DBEZ,DBX ETF TR XTRACK MSCI EURO,
DBGR,DBX ETF TR XTRACK MSCI GRMY,
DBI,DESIGNER BRANDS INC CL A,"Two Sigma Securities, LLC"
DBJP,DBX ETF TR XTRACK MSCI JAPN,Belvedere Trading LLC
DBL,DOUBLELINE OPPORTUNISTIC CR FD COM,
DBLV,ADVISORSHARES TR DOUBLELIN VAL EQ,
DBMF,MANAGER DIRECTED PORTFOLIOS IM DBI MNGD FU,
DBO,INVESCO DB MULTI-SECTOR COMMOD OIL FD,Citadel Securities LLC
DBOC,INNOVATOR ETFS TR DOUBLE STACKR 9,
DBP,INVESCO DB MULTI-SECTOR COMMOD PRECIOUS METAL,
DBS,INVESCO DB MULTI-SECTOR COMMOD SILVER FD,"Susquehanna Securities, LLC"
DBV,INVESCO DB G10 CURRENCY HARVES UNIT,"Susquehanna Securities, LLC"
DBVT,DBV TECHNOLOGIES S A SPONSORED ADR,"Susquehanna Securities, LLC"
DBX,DROPBOX INC CL A,Morgan Stanley & Co. LLC
DCBO,DOCEBO INC COM,
DCF,BNY MELLON ALCENTRA GLOBAL CR COM,
DCI,DONALDSON INC COM,GTS Securities LLC
DCMYY,NTT DOCOMO INC SPONS ADS,
DCO,DUCOMMUN INC DEL COM,GTS Securities LLC
DCOM,DIME CMNTY BANCSHARES INC COM,
DCOMP,DIME CMNTY BANCSHARES INC 5.5% NCUM PFD A,
DCP,DCP MIDSTREAM LP COM UT LTD PTN,"Susquehanna Securities, LLC"
DCP-B,DCP MIDSTREAM LP 7.875 CUM RED B,
DCP-C,DCP MIDSTREAM LP 7.95 SR C PFD UT,
DCPH,DECIPHERA PHARMACEUTICALS INC COM,"Susquehanna Securities, LLC"
DCRB,DECARBONIZATION PLUS ACQU CORP COM CL A,
DCRBU,DECARBONIZATION PLUS ACQU CORP UNIT EXP 100225,
DCRBW,DECARBONIZATION PLUS ACQU CORP WT EXP 100225,
DCT,DUCK CREEK TECHNOLOGIES INC SHS,
DCTH,DELCATH SYS INC COM NEW,
DCUE,DOMINION ENERGY INC FXD CAL CONV NT,
DD,DUPONT DE NEMOURS INC COM,Citadel Securities LLC
DDD,3-D SYS CORP DEL COM NEW,"Susquehanna Securities, LLC"
DDEC,FIRST TR EXCHNG TRADED FD VIII FT CBOE DEEP BFR,
DDF,DELAWARE INVTS DIV & INCOME FD COM,
DDG,PROSHARES TR PSHS SHT OIL&GAS,Belvedere Trading LLC
DDIV,FIRST TR EXCHANGE-TRADED FD VI DORSEYWRIGHT MOM,
DDLS,WISDOMTREE TR DYNAMIC INT EQ,
DDM,PROSHARES TR PSHS ULTRA DOW30,Citadel Securities LLC
DDMXU,DD3 ACQUISITION CORP II UNIT EX,
DDOG,DATADOG INC CL A COM,Citadel Securities LLC
DDPXF,DEUTSCHE BK AG LDN BRH DB COMMOD SHRT,
DDS,DILLARDS INC CL A,"Wolverine Trading, LLC"
DDT,DILLARDS CAP TR I CAP SECS 7.5%,
DDWM,WISDOMTREE TR CURRNCY INT EQ,
DE,DEERE & CO COM,Citadel Securities LLC
DEA,EASTERLY GOVT PPTYS INC COM,Belvedere Trading LLC
DECK,DECKERS OUTDOOR CORP COM,"Susquehanna Securities, LLC"
DECZ,LISTED FD TR TRUESHARES DEC,
DEED,FIRST TR EXCHNG TRADED FD VIII TCW SECURITIZED,
DEEF,DBX ETF TR XTRACK FTSE US,
DEEP,ETF SER SOLUTIONS ROUNDHILL ACQUI,
DEF,INVESCO EXCH TRD SLF IDX FD TR DEFENSIVE EQTY,
DEFA,ISHARES TR ADAPTIVE ETF,
DEFN,EMLES TR PROTECTIVE ALCTN,
DEH,D8 HOLDINGS CORP SHS CL A,
DEH+,D8 HOLDINGS CORP WT EXP 080527,
DEH=,D8 HOLDINGS CORP UNITS,
DEI,DOUGLAS EMMETT INC COM,GTS Securities LLC
DELL,DELL TECHNOLOGIES INC CL C,"Susquehanna Securities, LLC"
DEM,WISDOMTREE TR EMER MKT HIGH FD,"Susquehanna Securities, LLC"
DEMZ,ADVISORS INNER CIRCLE FD III DEMZ POLITICAL,
DEN,DENBURY INC COM,
DENN,DENNYS CORP COM,"Susquehanna Securities, LLC"
DEO,DIAGEO PLC SPON ADR NEW,GTS Securities LLC
DES,WISDOMTREE TR US SMALLCAP DIVD,
DESP,DESPEGAR COM CORP ORD SHS,"Susquehanna Securities, LLC"
DESTQ,DESTINATION MATERNITY CORP COM,
DEUS,DBX ETF TR XTRACK RUSS 1000,
DEW,WISDOMTREE TR GLB HIGH DIV FD,
DEX,DELAWARE ENHANCED GBL DIV & IN COM,
DFAE,DIMENSIONAL ETF TRUST EMGR CRE EQT MNG,
DFAI,DIMENSIONAL ETF TRUST INTL CORE EQT MK,
DFAU,DIMENSIONAL ETF TRUST US CORE EQT MKT,
DFE,WISDOMTREE TR EUROPE SMCP DV,"Susquehanna Securities, LLC"
DFEB,FIRST TR EXCHNG TRADED FD VIII US EQT DEEP DUFR,
DFEN,DIREXION SHS ETF TR DLY AEROSPC 3X,Belvedere Trading LLC
DFFN,DIFFUSION PHARMACEUTICALS INC COM PAR,
DFHT,DEERFIELD HEALTHCARE TECH ACQ COM CL A,
DFHTU,DEERFIELD HEALTHCARE TECH ACQ UNIT EXP 071625,
DFHTW,DEERFIELD HEALTHCARE TECH ACQ WT EXP 071625,
DFHY,TRIMTABS ETF TR DONOGHUE FORLINS,
DFIN,DONNELLEY FINL SOLUTIONS INC COM,Citadel Securities LLC
DFJ,WISDOMTREE TR JP SMALLCP DIV,Belvedere Trading LLC
DFND,SIREN ETF TR DIVCN DIVD ETF,
DFNL,DAVIS FUNDAMENTAL ETF TR SELECT FINL,
DFNS,LGL SYS ACQUISITION CORP COM CL A,
DFNS+,LGL SYS ACQUISITION CORP WT EXP 111226,
DFNS=,LGL SYS ACQUISITION CORP UNIT EX 102424,
DFNV,TRIMTABS ETF TR DONOGHUE FRLNS,
DFODQ,DEAN FOODS CO NEW COM NEW,
DFP,FLAHERTY & CRUMRINE DYN PFD SHS,
DFPH,DFP HEALTHCARE ACQUISITNS CORP COM CL A,
DFPHU,DFP HEALTHCARE ACQUISITNS CORP UNIT EXP 033125,
DFPHW,DFP HEALTHCARE ACQUISITNS CORP WT EXP 033125,
DFS,DISCOVER FINL SVCS COM,"Susquehanna Securities, LLC"
DFVL,BARCLAYS BANK PLC TRES 5YR BULL,
DFVS,BARCLAYS BANK PLC TRES 5YR BEAR,
DG,DOLLAR GEN CORP NEW COM,"Susquehanna Securities, LLC"
DGICA,DONEGAL GROUP INC CL A,
DGICB,DONEGAL GROUP INC CL B,
DGII,DIGI INTL INC COM,
DGL,INVESCO DB MULTI-SECTOR COMMOD GOLD FD,"Susquehanna Securities, LLC"
DGLDF,CREDIT SUISSE AG NASSAU BRH 3X INVERS GOLD,
DGLY,DIGITAL ALLY INC COM NEW,"Susquehanna Securities, LLC"
DGNR,DRAGONEER GROWTH OPPORTUN CORP COM CL A,
DGNR+,DRAGONEER GROWTH OPPORTUN CORP WT EXP 081827,
DGNR=,DRAGONEER GROWTH OPPORTUN CORP UNIT EX,
DGNS,DRAGONEER GROWTH OPPTY CORP II SHS CL A,
DGP,DEUTSCHE BK AG LONDON BRH DB GOLD DBL LNG,
DGRE,WISDOMTREE TR EM MKTS QTLY DIV,
DGRO,ISHARES TR CORE DIV GRWTH,Belvedere Trading LLC
DGRS,WISDOMTREE TR US S CAP QTY DIV,
DGRW,WISDOMTREE TR US QTLY DIV GRT,"Susquehanna Securities, LLC"
DGS,WISDOMTREE TR EMG MKTS SMCAP,"Susquehanna Securities, LLC"
DGT,SPDR SER TR GLB DOW ETF,
DGX,QUEST DIAGNOSTICS INC COM,"Two Sigma Securities, LLC"
DGZ,DEUTSCHE BK AG LONDON BRH DB GOLD SHORT,
DHC,DIVERSIFIED HEALTHCARE TR COM SH BEN INT,"Wolverine Trading, LLC"
DHCNI,DIVERSIFIED HEALTHCARE TR NT 42,
DHCNL,DIVERSIFIED HEALTHCARE TR 6.25% SR NT 46,
DHF,BNY MELLON HIGH YIELD STRATEGI SH BEN INT,
DHI,D R HORTON INC COM,"Susquehanna Securities, LLC"
DHIL,DIAMOND HILL INVT GROUP INC COM NEW,
DHR,DANAHER CORPORATION COM,Citadel Securities LLC
DHR-A,DANAHER CORPORATION 4.75 MND CV PFD,
DHR-B,DANAHER CORPORATION 5% CONV PFD B,
DHS,WISDOMTREE TR US HIGH DIVIDEND,
DHT,DHT HOLDINGS INC SHS NEW,Citadel Securities LLC
DHX,DHI GROUP INC COM,"Susquehanna Securities, LLC"
DHY,CREDIT SUISSE HIGH YIELD BD FD SH BEN INT,
DIA,SPDR DOW JONES INDL AVERAGE ET UT SER 1,Morgan Stanley & Co. LLC
DIAL,COLUMBIA ETF TR I DIVERSIFID FXD,
DIAX,NUVEEN DOW 30 DYNAMIC OVERWRIT SHS,
DIG,PROSHARES TR PSHS ULTRA O&G,Citadel Securities LLC
DIM,WISDOMTREE TR INTL MIDCAP DV,
DIN,DINE BRANDS GLOBAL INC COM,"Susquehanna Securities, LLC"
DINT,DAVIS FUNDAMENTAL ETF TR SELCT INTL ETF,
DIOD,DIODES INC COM,Citadel Securities LLC
DIS,DISNEY WALT CO COM,"Susquehanna Securities, LLC"
DISCA,DISCOVERY INC COM SER A,"Susquehanna Securities, LLC"
DISCB,DISCOVERY INC COM SER B,
DISCK,DISCOVERY INC COM SER C,"Susquehanna Securities, LLC"
DISH,DISH NETWORK CORPORATION CL A,"Susquehanna Securities, LLC"
DIT,AMCON DISTRG CO COM NEW,
DIV,GLOBAL X FDS GLOBX SUPDV US,
DIVA,AGF INVTS TR AGFIQ HEDGED DIV,
DIVB,ISHARES TR US DIVID BYBCK,
DIVO,AMPLIFY ETF TR CWP ENHANCED DIV,
DJCB,UBS AG LONDON BRANCH ETRACS BBG CMD,
DJCO,DAILY JOURNAL CORP COM,
DJD,INVESCO EXCHANGE TRADED FD TR DJ INDL AVG DV,
DJP,BARCLAYS BANK PLC DJUBS CMDT ETN36,"Wolverine Trading, LLC"
DJUL,FIRST TR EXCHNG TRADED FD VIII CBOE VEST US EQT,
DJUN,FIRST TR EXCHNG TRADED FD VIII CBOE VEST US EQT,
DJX,Dow Jones Industrial Average,"Wolverine Trading, LLC"
DK,DELEK US HLDGS INC NEW COM,"Susquehanna Securities, LLC"
DKL,DELEK LOGISTICS PARTNERS LP COM UNT RP INT,Citadel Securities LLC
DKNG,DRAFTKINGS INC COM CL A,Citadel Securities LLC
DKS,DICKS SPORTING GOODS INC COM,Citadel Securities LLC
DL,CHINA DISTANCE ED HLDGS LTD SPONS ADR,
DLA,DELTA APPAREL INC COM,
DLB,DOLBY LABORATORIES INC COM CL A,"Susquehanna Securities, LLC"
DLHC,DLH HLDGS CORP COM,
DLN,WISDOMTREE TR US LARGECAP DIVD,"Susquehanna Securities, LLC"
DLNG,DYNAGAS LNG PARTNERS LP COM UNIT LTD PT,"Wolverine Trading, LLC"
DLNG-A,DYNAGAS LNG PARTNERS LP CUM PFD SER A,
DLNG-B,DYNAGAS LNG PARTNERS LP 8.75 SR B PFD UT,
DLPN,DOLPHIN ENTMT INC COM NEW,
DLR,DIGITAL RLTY TR INC COM,GTS Securities LLC
DLR-C,DIGITAL RLTY TR INC 6.625% PFD SER C,
DLR-J,DIGITAL RLTY TR INC 5.250% PFD SER J,
DLR-K,DIGITAL RLTY TR INC 5.850 PFD SR K,
DLR-L,DIGITAL RLTY TR INC 5.2% CUM PF SR L,
DLS,WISDOMTREE TR INTL SMCAP DIV,Belvedere Trading LLC
DLTH,DULUTH HLDGS INC COM CL B,
DLTR,DOLLAR TREE INC COM,Citigroup Derivatives Markets Inc.
DLX,DELUXE CORP COM,Citadel Securities LLC
DLY,DOUBLELINE YIELD OPPORTUNITIES COM,
DM,DESKTOP METAL INC COM CL A,Citadel Securities LLC
DM+,DESKTOP METAL INC WT EXP 033126,
DMAC,DIAMEDICA THERAPEUTICS INC COM NEW,
DMAY,FIRST TR EXCHNG TRADED FD VIII CBOE VEST US EQ,
DMB,BNY MELLON MUN BD INFRASTRUCTU COM SHS,
DMDV,ETF SER SOLUTIONS AAM S&P DEV MK,
DMF,BNY MELLON MUN INCOME INC COM,
DMLP,DORCHESTER MINERALS LP COM UNIT,
DMO,WESTERN ASSET MTG DEFINED OPPO COM,
DMRC,DIGIMARC CORP NEW COM,"Wolverine Trading, LLC"
DMRE,TRANSAMERICA ETF TR DELTASHS S&P,
DMRI,TRANSAMERICA ETF TR DELTASHS S&P INT,
DMRL,TRANSAMERICA ETF TR DELTASHS S&P 500,
DMRM,TRANSAMERICA ETF TR DELTASHS S&P 400,
DMRS,TRANSAMERICA ETF TR DELTASHS S&P 600,
DMS,DIGITAL MEDIA SOLUTIONS INC COM CL A,
DMS+,DIGITAL MEDIA SOLUTIONS INC WT EXP 071525,
DMTK,DERMTECH INC COM,Citadel Securities LLC
DMXF,ISHARES TR ESG EAFE ETF,
DMYD,DMY TECHNOLOGY GROUP INC II COM CL A,
DMYD+,DMY TECHNOLOGY GROUP INC II WT EXP 072927,
DMYD=,DMY TECHNOLOGY GROUP INC II UNIT,
DMYI=,DMY TECHNOLOGY GROUP INC III UNIT EX,
DMYT,DMY TECHNOLOGY GROUP INC COM,Belvedere Trading LLC
DMYT+,DMY TECHNOLOGY GROUP INC WT EXP 022127,
DMYT=,DMY TECHNOLOGY GROUP INC UNIT,
DNB,DUN & BRADSTREET HLDGS INC COM,"Susquehanna Securities, LLC"
DNK,PHOENIX TREE HLDGS LTD SPONSORED ADS,
DNL,WISDOMTREE TR GLB US QTLY DIV,
DNLI,DENALI THERAPEUTICS INC COM,"Group One Trading, L.P."
DNN,DENISON MINES CORP COM,"Susquehanna Securities, LLC"
DNOV,FIRST TR EXCHNG TRADED FD VIII CBOE EQT DEP NOV,
DNOW,NOW INC COM,Citadel Securities LLC
DNP,DNP SELECT INCOME FD INC COM,
DOC,PHYSICIANS RLTY TR COM,"Wolverine Trading, LLC"
DOCT,FIRST TR EXCHNG TRADED FD VIII VEST US EQT DEP,
DOCU,DOCUSIGN INC COM,Morgan Stanley & Co. LLC
DODXF,DEUTSCHE BK AG LONDON ETN DJ HY 2022,
DOFSQ,DIAMOND OFFSHORE DRILLING INC COM,Citadel Securities LLC
DOG,PROSHARES TR PSHS SHORT DOW30,"Susquehanna Securities, LLC"
DOGZ,DOGNESS INTERNATIONAL CORP COM CL A,
DOL,WISDOMTREE TR INTL LRGCAP DV,
DOMO,DOMO INC COM CL B,Citadel Securities LLC
DON,WISDOMTREE TR US MIDCAP DIVID,"Wolverine Trading, LLC"
DOO,WISDOMTREE TR INTL DIV EX FINL,
DOOO,BRP INC COM SUN VTG,
DOOR,MASONITE INTL CORP COM,
DORM,DORMAN PRODS INC COM,Citadel Securities LLC
DOV,DOVER CORP COM,GTS Securities LLC
DOW,DOW INC COM,Citadel Securities LLC
DOX,AMDOCS LTD SHS,"Susquehanna Securities, LLC"
DOYU,DOUYU INTL HLDGS LTD SPONSORED ADS,"Susquehanna Securities, LLC"
DPG,DUFF & PHELPS UTLITY AND INFST COM,
DPST,DIREXION SHS ETF TR DAILY RGNAL BULL,
DPW,DPW HLDGS INC COM,
DPZ,DOMINOS PIZZA INC COM,"Susquehanna Securities, LLC"
DQ,DAQO NEW ENERGY CORP SPNSRD ADS NEW,Citadel Securities LLC
DRAD,DIGIRAD CORP COM NEW,
DRADP,DIGIRAD CORP 10% CUM SR A PFD,
DRD,DRDGOLD LIMITED SPON ADR REPSTG,"Susquehanna Securities, LLC"
DRE,DUKE REALTY CORP COM NEW,"Susquehanna Securities, LLC"
DRH,DIAMONDROCK HOSPITALITY CO COM,"Susquehanna Securities, LLC"
DRH-A,DIAMONDROCK HOSPITALITY CO 8.25 SR A PFD SH,
DRI,DARDEN RESTAURANTS INC COM,"Two Sigma Securities, LLC"
DRIO,DARIOHEALTH CORP COM NEW,
DRIOW,DARIOHEALTH CORP WT EXP 030821,
DRIP,DIREXION SHS ETF TR DLY S&P OIL GAS,"Susquehanna Securities, LLC"
DRIV,GLOBAL X FDS AUTONMOUS EV ETF,
DRN,DIREXION SHS ETF TR DLY R/E BULL3X,GTS Securities LLC
DRNA,DICERNA PHARMACEUTICALS INC COM,
DRQ,DRIL QUIP INC COM,Citadel Securities LLC
DRRX,DURECT CORP COM,
DRSK,ETF SER SOLUTIONS APTUS DEFINED,
DRTT,DIRTT ENVIRONMENTAL SOLUTIONS COM,
DRUA,DOMINION ENERGY INC ENHCD SUB NT16 A,
DRV,DIREXION SHS ETF TR DAILY MSCI REAL,GTS Securities LLC
DRW,WISDOMTREE TR GLB EX US RL EST,
DS,DRIVE SHACK INC COM,Morgan Stanley & Co. LLC
DS-B,DRIVE SHACK INC PFD SER B,
DS-C,DRIVE SHACK INC PFD SER C 8.05%,
DS-D,DRIVE SHACK INC PFD SER D 8.375%,
DSAC,DUDDELL STREET ACQUISITN CORP CL A,
DSACU,DUDDELL STREET ACQUISITN CORP UNIT EXP 102125,
DSACW,DUDDELL STREET ACQUISITN CORP WT EX,
DSE,DUFF & PHELPS SLT ENGY AND MID COM NEW,
DSEP,FIRST TR EXCHNG TRADED FD VIII FT CBOE VEST US,
DSGX,DESCARTES SYS GROUP INC COM,
DSI,ISHARES TR MSCI KLD400 SOC,
DSKE,DASEKE INC COM,"Susquehanna Securities, LLC"
DSKEW,DASEKE INC WT EXP 022722,
DSL,DOUBLELINE INCOME SOLUTIONS FD COM,"Susquehanna Securities, LLC"
DSM,BNY MELLON STRATEGIC MUN BD FD COM,
DSOC,INNOVATOR ETFS TR DOUBLE STKER OCT,
DSPG,DSP GROUP INC COM,
DSS,DOCUMENT SEC SYS INC COM NEW,
DSSI,DIAMOND S SHIPPING INC COM,
DSTL,ETF SER SOLUTIONS DISTILLATE US,
DSTX,ETF SER SOLUTIONS DISTILLATE INTNL,
DSU,BLACKROCK DEBT STRATEGIES FD I COM NEW,
DSWL,DESWELL INDS INC COM,
DSX,DIANA SHIPPING INC COM,Citadel Securities LLC
DSX-B,DIANA SHIPPING INC PERP PFD SER B,
DT,DYNATRACE INC COM NEW,"Wolverine Trading, LLC"
DTB,DTE ENERGY CO CAL DEB 80,
DTD,WISDOMTREE TR US TOTAL DIVIDND,
DTE,DTE ENERGY CO COM,Morgan Stanley & Co. LLC
DTEA,DAVIDSTEA INC COM,"Group One Trading, L.P."
DTEC,ALPS ETF TR DISRUPTIVE TECH,Belvedere Trading LLC
DTF,DTF TAX-FREE INCOME INC COM,
DTH,WISDOMTREE TR ITL HIGH DIV FD,
DTIL,PRECISION BIOSCIENCES INC COM,"Group One Trading, L.P."
DTJ,DTE ENERGY CO JR SUB DEB 76,
DTLA-,BROOKFIELD DTLA FD OFFICE TR I PFD SER A 7.625%,
DTN,WISDOMTREE TR US DIVID EX FNCL,"Susquehanna Securities, LLC"
DTP,DTE ENERGY CO 6.25% CORP UNITS,
DTRM,DETERMINE INC COM,
DTSS,DATASEA INC COM NEW,
DTW,DTE ENERGY CO JR SUB DB 2017 E,
DTY,DTE ENERGY CO JR SUB DB 2016 F,
DUAL,EXCHANGE TRADED CONCEPTS TR NORTH SHORE DUAL,
DUC,DUFF & PHELPS UTIL CORP BD TR COM,
DUG,PROSHARES TR ULSHOIL&GASNEW13,Citadel Securities LLC
DUK,DUKE ENERGY CORP NEW COM NEW,Citigroup Derivatives Markets Inc.
DUK-A,DUKE ENERGY CORP NEW DP REP PFD A,
DUKB,DUKE ENERGY CORP NEW 5.625% JR SB DB,
DUKH,DUKE ENERGY CORP NEW JR SUB DEB 73,
DUNEU,DUNE ACQUISITION CORP UNIT EXP 102927,
DUO,FANGDD NETWORK GROUP LTD SPONSORED ADS,
DUOT,DUOS TECHNOLOGIES GROUP INC COM,
DURA,VANECK VECTORS ETF TR MRNGSTR DUR DV,
DUSA,DAVIS FUNDAMENTAL ETF TR SELECT US EQTY,
DUSL,DIREXION SHS ETF TR DLY INDL BU 3X,
DUST,DIREXION SHS ETF TR DAILY GOLD MINER,Citadel Securities LLC
DVA,DAVITA INC COM,"Susquehanna Securities, LLC"
DVAX,DYNAVAX TECHNOLOGIES CORP COM NEW,Morgan Stanley & Co. LLC
DVCR,DIVERSICARE HEALTHCARE SVCS IN COM,
DVD,DOVER MOTORSPORTS INC COM,
DVLU,FIRST TR EXCHANGE-TRADED FD VI DORSY WRGH VLU,
DVN,DEVON ENERGY CORP NEW COM,Morgan Stanley & Co. LLC
DVOL,FIRST TR EXCHANGE-TRADED FD VI DORSY WR MOMNT,
DVY,ISHARES TR SELECT DIVID ETF,"Two Sigma Securities, LLC"
DVYA,ISHARES INC ASIA/PAC DIV ETF,
DVYE,ISHARES INC EM MKTS DIV ETF,
DWAS,INVESCO EXCH TRADED FD TR II DWA SMLCP MENT,"Susquehanna Securities, LLC"
DWAT,ARROW INVTS TR DWA TACTICAL ETF,
DWAW,ADVISORSHARES TR DORSY FSM ALCP,
DWCR,ARROW INVTS TR DWA COUNTRY ETF,
DWEQ,ADVISORSHARES TR DORSY ALPH EQL,
DWFI,SPDR SER TR DORSEY WRGT FI,
DWIN=,DELWINDS INS ACQUISITION CORP UNIT,
DWLD,DAVIS FUNDAMENTAL ETF TR SELECT WRLD WI,
DWM,WISDOMTREE TR INTL EQUITY FD,
DWMC,ADVISORSHARES TR DORSY MICR ETF,
DWMF,WISDOMTREE TR INTK MLTIFACTR,
DWPP,FIRST TR EXCHANGE-TRADED FD DORSEY WRIGHT PE,
DWSH,ADVISORSHARES TR DORSY SHRT ETF,
DWSN,DAWSON GEOPHYSICAL CO NEW COM,
DWUS,ADVISORSHARES TR DORSY FSM US,
DWX,SPDR INDEX SHS FDS S&P INTL ETF,"Susquehanna Securities, LLC"
DX,DYNEX CAP INC COM,"Wolverine Trading, LLC"
DX-B,DYNEX CAP INC PFD SER B 7.625%,
DX-C,DYNEX CAP INC 6.9% SER C PFD,
DXC,DXC TECHNOLOGY CO COM,Citigroup Derivatives Markets Inc.
DXCM,DEXCOM INC COM,"Susquehanna Securities, LLC"
DXD,PROSHARES TR PSHS ULDOW30 NEW,"Susquehanna Securities, LLC"
DXF,DUNXIN FINL HLDGS LTD SPONSORED ADS,
DXGE,WISDOMTREE TR GERMANY HEDEQ FD,
DXJ,WISDOMTREE TR JAPN HEDGE EQT,"Susquehanna Securities, LLC"
DXJS,WISDOMTREE TR JPN SCAP HDG EQT,"Susquehanna Securities, LLC"
DXLG,DESTINATION XL GROUP INC COM,"Wolverine Trading, LLC"
DXPE,DXP ENTERPRISES INC COM NEW,"Wolverine Trading, LLC"
DXR,DAXOR CORP COM,
DXYN,DIXIE GROUP INC CL A,
DY,DYCOM INDS INC COM,"Susquehanna Securities, LLC"
DYAI,DYADIC INTL INC DEL COM,
DYFN,ANGEL OAK DYNAMIC FINL STRATE COM BEN INT,
DYHG,DIREXION SHS ETF TR DYNAMIC HEDGE,
DYN,DYNE THERAPEUTICS INC COM,
DYNF,BLACKROCK ETF TRUST US EQT FACTOR,
DYNT,DYNATRONICS CORP COM NEW,
DYYXF,DEUTSCHE BK AG LDN BRH DB COM DBLE LNG,
DZSI,DZS INC COM,
DZZ,DEUTSCHE BK AG LONDON BRH GOLD DOUBLE SHOR,
E,ENI S P A SPONSORED ADR,"Susquehanna Securities, LLC"
EA,ELECTRONIC ARTS INC COM,Citigroup Derivatives Markets Inc.
EAD,WELLS FARGO ADVANTAGE INCOME O WF INC OPPTY FD,
EAF,GRAFTECH INTL LTD COM,"Susquehanna Securities, LLC"
EAGG,ISHARES TR ESG AWR US AGRGT,
EAI,ENTERGY ARK INC 1M BD 4.875%66,
EAOA,ISHARES TR ESG AWARE AGGRSV,
EAOK,ISHARES TR ESG AWARE CONSER,
EAOM,ISHARES TR ESG AWARE MODRTE,
EAOR,ISHARES TR ESG AWARE GROWTH,
EAR,EARGO INC COM,
EARN,ELLINGTON RESIDENTIAL MTG REIT COM SHS BEN INT,
EARS,AURIS MEDICAL HOLDING LTD SHS,
EASG,DBX ETF TR XTRACKERS MSCI,
EAST,EASTSIDE DISTILLING INC COM,
EAT,BRINKER INTL INC COM,"Wolverine Trading, LLC"
EB,EVENTBRITE INC COM CL A,Citadel Securities LLC
EBAY,EBAY INC. COM,Citadel Securities LLC
EBAYL,EBAY INC. NT 56,
EBC,EASTERN BANKSHARES INC COM,"Susquehanna Securities, LLC"
EBF,ENNIS INC COM,
EBIX,EBIX INC COM NEW,Citadel Securities LLC
EBIZ,GLOBAL X FDS E COMMERCE ETF,
EBLU,MANAGED PORTFOLIO SERIES ECOFIN GBL WATER,
EBMT,EAGLE BANCORP MONT INC COM,
EBND,SPDR SER TR BLOMBRG BRC EMRG,"Wolverine Trading, LLC"
EBON,EBANG INTL HLDGS INC CL A SHS,
EBR,CENTRAIS ELETRICAS BRASILEIRAS SPONSORED ADR,
EBR.B,CENTRAIS ELETRICAS BRASILEIRAS SPON ADR PFD B,
EBS,EMERGENT BIOSOLUTIONS INC COM,"Wolverine Trading, LLC"
EBSB,MERIDIAN BANCORP INC MD COM,
EBTC,ENTERPRISE BANCORP INC MASS COM,
EC,ECOPETROL S A SPONSORED ADS,"Wolverine Trading, LLC"
ECC,EAGLE PT CR CO LLC COM,
ECCB,EAGLE POINT CREDIT COMPANY INC PFD STK SER B,
ECCX,EAGLE POINT CREDIT COMPANY INC 6.6875% NT 28,
ECCY,EAGLE POINT CREDIT COMPANY INC 6.75% NT DE 2027,
ECF,ELLSWORTH GROWTH & INCOME FD L COM,
ECF-A,ELLSWORTH GROWTH & INCOME FD L 5.25% PFD SER A,
ECH,ISHARES INC MSCI CHILE ETF,"Wolverine Trading, LLC"
ECHO,ECHO GLOBAL LOGISTICS INC COM,"Wolverine Trading, LLC"
ECL,ECOLAB INC COM,GTS Securities LLC
ECLN,FIRST TR EXCHANGE-TRADED FD IV EIP CARBON IMP,
ECNS,ISHARES TR CHINA SM-CAP ETF,Belvedere Trading LLC
ECOL,US ECOLOGY INC COM,"Wolverine Trading, LLC"
ECOLW,US ECOLOGY INC WT EXP 101723,
ECOM,CHANNELADVISOR CORP COM,Morgan Stanley & Co. LLC
ECON,COLUMBIA ETF TR II EMRG MARKETS ETF,"Susquehanna Securities, LLC"
ECOR,ELECTROCORE INC COM,
ECOW,PACER FDS TR EMRG MKT CASH,
ECOZ,LISTED FD TR TRUESHS ESG ACTV,
ECPG,ENCORE CAP GROUP INC COM,"Susquehanna Securities, LLC"
ED,CONSOLIDATED EDISON INC COM,Citigroup Derivatives Markets Inc.
EDAP,EDAP TMS S A SPONSORED ADR,
EDC,DIREXION SHS ETF TR DLY EMG MK BL 3X,GTS Securities LLC
EDD,MORGAN STANLEY EMERGING MKTS D COM,
EDEN,ISHARES TR MSCI DENMARK ETF,
EDF,STONE HBR EMERGING MKTS INCOME COM,
EDI,STONE HBR EMERGING MKTS TOTAL COM,
EDIT,EDITAS MEDICINE INC COM,Citadel Securities LLC
EDIV,SPDR INDEX SHS FDS S&P EM MKT DIV,"Susquehanna Securities, LLC"
EDN,EMPRESA DIST Y COMERCIAL NORTE SPON ADR,
EDOC,GLOBAL X FDS TELMDC&DIG ETF,
EDOG,ALPS ETF TR EM SECT DIV DG,
EDOW,FIRST TR EXCHANGE TRADED FD DOW 30 EQL WGT,
EDRY,EURODRY LTD COM,
EDSA,EDESA BIOTECH INC COM,
EDTK,SKILLFUL CRAFTSMAN ED TECH LTD ORD SHS,
EDTXU,EDTECHX HOLDINGS ACQU CORP II UNIT EXP 083127,
EDU,NEW ORIENTAL ED & TECHNOLOGY G SPON ADR,Citadel Securities LLC
EDUC,EDUCATIONAL DEV CORP COM,
EDUT,GLOBAL X FDS EDUCATION ETF,
EDV,VANGUARD WORLD FD EXTENDED DUR,
EDZ,DIREXION SHS ETF TR DAILY MSCI EMERG,GTS Securities LLC
EEA,EUROPEAN EQUITY FD INC COM,
EEFT,EURONET WORLDWIDE INC COM,"Susquehanna Securities, LLC"
EEH,SWEDISH EXPT CR CORP ELEMENT USETN22,
EELV,INVESCO EXCH TRADED FD TR II S&P EMRNG MKTS,
EEM,ISHARES TR MSCI EMG MKT ETF,"Susquehanna Securities, LLC"
EEMA,ISHARES INC MSCI EM ASIA ETF,
EEMD,ETF SER SOLUTIONS AAM S&P EMRG,
EEMO,INVESCO EXCH TRADED FD TR II S&P EMRNG MMTM,
EEMS,ISHARES INC EM MKT SM-CP ETF,
EEMV,ISHARES INC MSCI EMERG MRKT,"Susquehanna Securities, LLC"
EEMX,SPDR INDEX SHS FDS MSCI EMR MKT ETF,
EES,WISDOMTREE TR US SMALLCAP FUND,
EET,PROSHARES TR MSCI EMRG ETF,"Wolverine Trading, LLC"
EEV,PROSHARES TR SHT MSCI NEW,Citadel Securities LLC
EEX,EMERALD HOLDING INC COM,"Wolverine Trading, LLC"
EFA,ISHARES TR MSCI EAFE ETF,"Susquehanna Securities, LLC"
EFAD,PROSHARES TR MSCI EAFE DIVD,
EFAS,GLOBAL X FDS MSCI SUPDIV EA,
EFAV,ISHARES TR MSCI EAFE MIN VL,"Susquehanna Securities, LLC"
EFAX,SPDR INDEX SHS FDS MSCI EAFE FS ETF,
EFBI,EAGLE FINL BANCORP INC COM,
EFC,ELLINGTON FINANCIAL INC COM,Morgan Stanley & Co. LLC
EFC-A,ELLINGTON FINANCIAL INC 6.75% SER A PFD,
EFF,EATON VANCE FLTG RATE INCOM FD COM SHS BEN INT,
EFG,ISHARES TR EAFE GRWTH ETF,Belvedere Trading LLC
EFIV,SPDR SER TR S&P 500 ESG ETF,
EFL,EATON VANCE FLOATING RATE 2022 COM,
EFNL,ISHARES TR MSCI FINLAND ETF,
EFO,PROSHARES TR ULTR MSCI ETF,
EFOI,ENERGY FOCUS INC COM,Belvedere Trading LLC
EFR,EATON VANCE SR FLTNG RTE TR COM,
EFSC,ENTERPRISE FINL SVCS CORP COM,
EFT,EATON VANCE FLTING RATE INC TR COM,
EFU,PROSHARES TR ULSH MSCIEAF NEW,
EFV,ISHARES TR EAFE VALUE ETF,Belvedere Trading LLC
EFX,EQUIFAX INC COM,Citadel Securities LLC
EFZ,PROSHARES TR PSHS SH MSCI EAF,
EGAN,EGAIN CORP COM NEW,"Wolverine Trading, LLC"
EGBN,EAGLE BANCORP INC MD COM,"Wolverine Trading, LLC"
EGF,BLACKROCK ENHANCED GOVT FD INC COM,
EGHT,8X8 INC NEW COM,"Susquehanna Securities, LLC"
EGIS,2ND VOTE FDS 2ND VOTE SOCIETY,
EGLE,EAGLE BULK SHIPPING INC COM,
EGO,ELDORADO GOLD CORP NEW COM,"Wolverine Trading, LLC"
EGOV,NIC INC COM,"Wolverine Trading, LLC"
EGP,EASTGROUP PPTYS INC COM,
EGPT,VANECK VECTORS ETF TR EGYPT INDX ETF,
EGRX,EAGLE PHARMACEUTICALS INC COM,"Group One Trading, L.P."
EGY,VAALCO ENERGY INC COM NEW,
EH,EHANG HLDGS LTD ADS,
EHC,ENCOMPASS HEALTH CORP COM,"Wolverine Trading, LLC"
EHI,WESTERN ASSET GLOBAL HIGH INCO COM,
EHT,EATON VANCE HIGH INCOME 2021 T COM SH BEN INT,
EHTH,EHEALTH INC COM,"Group One Trading, L.P."
EIC,EAGLE POINT INCOME COMPANY INC COM,
EIDO,ISHARES TR MSCI INDONIA ETF,
EIDX,EIDOS THERAPEUTICS INC COM,
EIG,EMPLOYERS HOLDINGS INC COM,
EIGI,ENDURANCE INTL GROUP HLDGS INC COM,Belvedere Trading LLC
EIGR,EIGER BIOPHARMACEUTICALS INC COM,
EIM,EATON VANCE MUN BD FD COM,
EINC,VANECK VECTORS ETF TR ENERGY INCOME,Belvedere Trading LLC
EIRL,ISHARES TR MSCI IRELAND ETF,
EIS,ISHARES INC MSCI ISRAEL ETF,
EIX,EDISON INTL COM,GTS Securities LLC
EJAN,INNOVATOR ETFS TR MSCI EMGR MKT,
EJUL,INNOVATOR ETFS TR MSCI EMGR MKT,
EKAR,EXCHANGE TRADED CONCEPTS TR LINK NXTGEN VEHI,
EKSO,EKSO BIONICS HLDGS INC COM,Belvedere Trading LLC
EL,LAUDER ESTEE COS INC CL A,Citadel Securities LLC
ELA,ENVELA CORP COM,
ELAN,ELANCO ANIMAL HEALTH INC COM,"Susquehanna Securities, LLC"
ELAT,ELANCO ANIMAL HEALTH INC 5% TNGBL EQTY UT,
ELC,ENTERGY LA LLC COLLATERAL TR MT,
ELD,WISDOMTREE TR EM LCL DEBT FD,"Susquehanna Securities, LLC"
ELF,E L F BEAUTY INC COM,"Susquehanna Securities, LLC"
ELLO,ELLOMAY CAPITAL LIMITED SHS,
ELMD,ELECTROMED INC COM,
ELOX,ELOXX PHARMACEUTICALS INC COM,
ELP,COMPANHIA PARANAENSE ENERG COP SPON ADR PFD,"Susquehanna Securities, LLC"
ELS,EQUITY LIFESTYLE PPTYS INC COM,
ELSE,ELECTRO-SENSORS INC COM,
ELTK,ELTEK LTD SHS,
ELVT,ELEVATE CREDIT INC COM,
ELY,CALLAWAY GOLF CO COM,GTS Securities LLC
ELYS,ELYS GAME TECHNOLOGY CORP COM,
EMAG,VANECK VECTORS ETF TR EMERGING MKTS AG,
EMAN,EMAGIN CORP COM NEW,"Susquehanna Securities, LLC"
EMB,ISHARES TR JPMORGAN USD EMG,"Susquehanna Securities, LLC"
EMBD,GLOBAL X FDS X EMERGING MKT,
EMBH,ISHARES U S ETF TR INT RT HD EMRG,
EMCB,WISDOMTREE TR WSDM EMKTBD FD,
EMCF,EMCLAIRE FINL CORP COM,
EMD,WESTERN ASSET EMERGING MKTS DE COM,
EMDV,PROSHARES TR MSCI EMRG MKTS,
EME,EMCOR GROUP INC COM,
EMF,TEMPLETON EMERGING MKTS FD COM,
EMFM,GLOBAL X FDS MSCI NXT EMRNG,
EMGF,ISHARES INC MSCI EMERG MKT,
EMHY,ISHARES INC JP MRGN EM HI BD,
EMIF,ISHARES TR EMGR MKT INF ETF,
EMITF,ELBIT IMAGING LTD SHS,
EMKR,EMCORE CORP COM NEW,"Susquehanna Securities, LLC"
EML,EASTERN CO COM,
EMLC,VANECK VECTORS ETF TR JP MORGAN MKTS,"Susquehanna Securities, LLC"
EMLP,FIRST TR EXCHANGE-TRADED FD IV NO AMER ENERGY,
EMMA,EMMAUS LIFE SCIENCES INC COM NEW,
EMMAW,EMMAUS LIFE SCIENCES INC WT EXP 062922,
EMMF,WISDOMTREE TR EMGRING MKTS,
EMN,EASTMAN CHEM CO COM,"Susquehanna Securities, LLC"
EMNT,PIMCO ETF TR ENHANCD SHORT,
EMO,CLEARBRIDGE ENERGY MIDSTRM OPP COM,
EMP,ENTERGY MISSISSIPPI LLC 4.90 1ST BD 66,
EMPW,EMPOWER LTD CL A COM,
EMPW+,EMPOWER LTD WT EX 113027,
EMPW=,EMPOWER LTD UNIT EX,
EMQQ,EXCHANGE TRADED CONCEPTS TR EMQQ EM INTERN,
EMR,EMERSON ELEC CO COM,Citigroup Derivatives Markets Inc.
EMSG,DBX ETF TR XTKR MSCI EMRG,
EMSH,PROSHARES TR ST EMG MKT ETF,
EMTL,SSGA ACTIVE TR SPDR DBLELN EMRG,
EMTY,PROSHARES TR DECLINE RETAIL,
EMX,EMX RTY CORP COM,
EMXC,ISHARES INC MSCI EMRG CHN,
EMXF,ISHARES TR EGSADVNCDMSCI EM,
ENB,ENBRIDGE INC COM,GTS Securities LLC
ENBA,ENBRIDGE INC 6.375 SNT18 B 78,
ENBL,ENABLE MIDSTREAM PARTNERS LP COM UNIT RP IN,"Susquehanna Securities, LLC"
ENDP,ENDO INTL PLC SHS,GTS Securities LLC
ENFR,ALPS ETF TR ALERIAN ENERGY,
ENG,ENGLOBAL CORP COM,
ENIA,ENEL AMERICAS S A SPONSORED ADR,"Susquehanna Securities, LLC"
ENIC,ENEL CHILE S.A. SPONSORED ADR,
ENJ,ENTERGY NEW ORLEANS LLC 1ST MTG 5% 52,
ENLC,ENLINK MIDSTREAM LLC COM UNIT REP LTD,Belvedere Trading LLC
ENLV,ENLIVEX THERAPEUTICS LTD COM,
ENO,ENTERGY NEW ORLEANS LLC 1ST MTG BD 66,
ENOB,ENOCHIAN BIOSCIENCES INC COM,
ENOR,ISHARES TR MSCI NORWAY ETF,
ENPC,EXECUTIVE NETWORK PARTNERING C CL A,
ENPC+,EXECUTIVE NETWORK PARTNERING C WT EXP 092528,
ENPC=,EXECUTIVE NETWORK PARTNERING C UNIT EX,
ENPH,ENPHASE ENERGY INC COM,"Group One Trading, L.P."
ENR,ENERGIZER HLDGS INC NEW COM,"Susquehanna Securities, LLC"
ENR-A,ENERGIZER HLDGS INC NEW 7.5 MCNV PFD A,
ENS,ENERSYS COM,"Susquehanna Securities, LLC"
ENSG,ENSIGN GROUP INC COM,"Wolverine Trading, LLC"
ENSV,ENSERVCO CORP COM NEW,
ENTA,ENANTA PHARMACEUTICALS INC COM,Citadel Securities LLC
ENTG,ENTEGRIS INC COM,"Susquehanna Securities, LLC"
ENTR,ENTREPRENEURSHARES SERIES TRUS ERSHARES 30 ETF,
ENTX,ENTERA BIO LTD SHS,
ENTXW,ENTERA BIO LTD WT EXP 070223,
ENV,ENVESTNET INC COM,Citadel Securities LLC
ENVA,ENOVA INTL INC COM,Belvedere Trading LLC
ENX,EATON VANCE NEW YORK MUN BD FD COM,
ENZ,ENZO BIOCHEM INC COM,"Susquehanna Securities, LLC"
ENZL,ISHARES TR NEW ZEALAND ETF,"Susquehanna Securities, LLC"
EOCCY,ENEL GENERACION CHILE S A SPONSORED ADS,
EOD,WELLS FARGO GLOBAL DIVIDEND OP COM,
EOG,EOG RES INC COM,Citadel Securities LLC
EOI,EATON VANCE ENHANCED EQUITY IN COM,
EOLS,EVOLUS INC COM,"Susquehanna Securities, LLC"
EOS,EATON VANCE ENHANCED EQUITY IN COM,
EOSE,EOS ENERGY ENTERPRISES INC COM CL A,
EOSEW,EOS ENERGY ENTERPRISES INC WT EXP 050626,
EOT,EATON VANCE NATL MUN OPPORT TR COM SHS,
EP-C,EL PASO ENERGY CAP TR I PFD CV TR SEC 28,
EPAC,ENERPAC TOOL GROUP CORP CL A COM,"Susquehanna Securities, LLC"
EPAM,EPAM SYS INC COM,"Susquehanna Securities, LLC"
EPAY,BOTTOMLINE TECH DEL INC COM,Citadel Securities LLC
EPC,EDGEWELL PERS CARE CO COM,"Two Sigma Securities, LLC"
EPD,ENTERPRISE PRODS PARTNERS L P COM,Citadel Securities LLC
EPEGQ,EP ENERGY CORP CL A,
EPHE,ISHARES TR MSCI PHILIPS ETF,
EPI,WISDOMTREE TR INDIA ERNGS FD,"Wolverine Trading, LLC"
EPIX,ESSA PHARMA INC COM NEW,
EPM,EVOLUTION PETE CORP COM,"Wolverine Trading, LLC"
EPOL,ISHARES TR MSCI POLAND ETF,
EPP,ISHARES INC MSCI PAC JP ETF,Citadel Securities LLC
EPR,EPR PPTYS COM SH BEN INT,"Susquehanna Securities, LLC"
EPR-C,EPR PPTYS PFD C CV 5.75%,
EPR-E,EPR PPTYS CONV PFD 9% SR E,
EPR-G,EPR PPTYS 5.750% CUM PFD G,
EPRF,INNOVATOR ETFS TR II S&P INVSTMNT GRD,
EPRT,ESSENTIAL PPTYS RLTY TR INC COM,Citadel Securities LLC
EPS,WISDOMTREE TR US LARGECAP FUND,
EPSN,EPSILON ENERGY LTD COM,
EPU,ISHARES TR MSCI PERU ETF,
EPV,PROSHARES TR ULTSHT FTSE EURO,"Susquehanna Securities, LLC"
EPZM,EPIZYME INC COM,"Susquehanna Securities, LLC"
EQ,EQUILLIUM INC COM,
EQAL,INVESCO EXCH TRADED FD TR II RUSEL 1000 EQL,
EQBK,EQUITY BANCSHARES INC COM CL A,
EQC,EQUITY COMWLTH COM SH BEN INT,Citadel Securities LLC
EQC-D,EQUITY COMWLTH 6.5% CNV PFD D,
EQD,EQUITY DISTR ACQUISITION CORP COM CL A,
EQD+,EQUITY DISTR ACQUISITION CORP WT EXP 090925,
EQD=,EQUITY DISTR ACQUISITION CORP UNIT EX 090925,
EQH,EQUITABLE HLDGS INC COM,"Susquehanna Securities, LLC"
EQH-A,EQUITABLE HLDGS INC 5.25% DPRP PFD A,
EQIX,EQUINIX INC COM,"Susquehanna Securities, LLC"
EQL,ALPS ETF TR EQUAL SEC ETF,
EQNR,EQUINOR ASA SPONSORED ADR,"Group One Trading, L.P."
EQOP,NATIXIS ETF TRUST II US EQUITY OPPORT,
EQOS,DIGINEX LIMITED SHS,
EQOSW,DIGINEX LIMITED WT EXP 093025,
EQR,EQUITY RESIDENTIAL SH BEN INT,GTS Securities LLC
EQRR,PROSHARES TR EQTS FOR RISIN,
EQS,EQUUS TOTAL RETURN INC COM,
EQT,EQT CORP COM,GTS Securities LLC
EQWL,INVESCO EXCHANGE TRADED FD TR S&P 100 EQL WIGH,
EQX,EQUINOX GOLD CORP COM,"Wolverine Trading, LLC"
ERC,WELLS FARGO ADV MULTI SCTR INC COM,
ERES,EAST RES ACQUISITION CO COM CL A,
ERESU,EAST RES ACQUISITION CO UNIT EX 070127,
ERESW,EAST RES ACQUISITION CO WT EXP 070127,
ERF,ENERPLUS CORP COM,Citadel Securities LLC
ERH,WELLS FARGO UTILITIES AND HIGH WF UTILITIES INC,
ERIC,ERICSSON ADR B SEK 10,Citigroup Derivatives Markets Inc.
ERIE,ERIE INDTY CO CL A,
ERII,ENERGY RECOVERY INC COM,GTS Securities LLC
ERINQ,ERIN ENERGY CORP COM,
ERJ,EMBRAER S.A. SPONSORED ADS,"Susquehanna Securities, LLC"
ERLFF,ENTREE RES LTD COM,
ERM,FIRST TR EXCHNG TRADED FD VIII EQUITYCOMPASS,
ERSX,ENTREPRENEURSHARES SERIES TRUS NON US SML CP,
ERUS,ISHARES INC MSCI RUSSIA ETF,
ERX,DIREXION SHS ETF TR DLY ENRGY BULL2X,GTS Securities LLC
ERY,DIREXION SHS ETF TR DAILY ENERGY BEA,
ERYP,ERYTECH PHARMA SPONSORED ADR,
ES,EVERSOURCE ENERGY COM,"Wolverine Trading, LLC"
ESBA,EMPIRE ST RLTY OP L P UNIT LTD PRTNSP,
ESBK,ELMIRA SVGS BK ELMIRA N Y COM,
ESCA,ESCALADE INC COM,
ESCR,DBX ETF TR XTRCK BLOMBRG BA,
ESE,ESCO TECHNOLOGIES INC COM,"Wolverine Trading, LLC"
ESEA,EUROSEAS LTD SHS,
ESEB,DBX ETF TR XTRCK JP MRGN ES,
ESES,ECO STIM ENERGY SOLUTIONS INC COM,
ESG,FLEXSHARES TR STOX ESG INDEX,
ESGA,AMERICAN CENTY ETF TR SUSTAINABLE EQTY,
ESGC,EROS STX GLOBAL CORPORATION SHS NEW,"Wolverine Trading, LLC"
ESGD,ISHARES TR ESG AW MSCI EAFE,
ESGE,ISHARES INC ESG AWR MSCI EM,
ESGG,FLEXSHARES TR STOX GLB INDEX,
ESGN,COLUMBIA ETF TR I SUSTNBLE INTL,
ESGR,ENSTAR GROUP LIMITED SHS,
ESGRO,ENSTAR GROUP LTD 7% DP RP PFD E,
ESGRP,ENSTAR GROUP LTD DEP SHS PFD D,
ESGS,COLUMBIA ETF TR I SUSTANABLE US,
ESGU,ISHARES TR ESG AWR MSCI USA,
ESGV,VANGUARD WORLD FD ESG US STK ETF,
ESHY,DBX ETF TR XTRCK JP MRG ESG,
ESI,ELEMENT SOLUTIONS INC COM,"Wolverine Trading, LLC"
ESLT,ELBIT SYS LTD ORD,
ESML,ISHARES TR ESG AWARE MSCI,
ESNG,DIREXION SHS ETF TR MSCI USA ESG,
ESNT,ESSENT GROUP LTD COM,Belvedere Trading LLC
ESP,ESPEY MFG & ELECTRS CORP COM,
ESPO,VANECK VECTORS ETF TR VIDEO GAMING,Belvedere Trading LLC
ESPR,ESPERION THERAPEUTICS INC NEW COM,"Susquehanna Securities, LLC"
ESQ,ESQUIRE FINL HLDGS INC COM,
ESRT,EMPIRE ST RLTY TR INC CL A,"Susquehanna Securities, LLC"
ESS,ESSEX PPTY TR INC COM,Citadel Securities LLC
ESSA,ESSA BANCORP INC COM,
ESSC,EAST STONE ACQUISITION CORP SHS,
ESSCR,EAST STONE ACQUISITION CORP RT,
ESSCU,EAST STONE ACQUISITION CORP UNIT EX 123126,
ESSCW,EAST STONE ACQUISITION CORP WT 123126,
ESTA,ESTABLISHMENT LABS HLDGS INC COM,"Susquehanna Securities, LLC"
ESTC,ELASTIC N V ORD SHS,"Susquehanna Securities, LLC"
ESTE,EARTHSTONE ENERGY INC CL A,
ESXB,COMMUNITY BANKERS TR CORP COM,
ET,ENERGY TRANSFER LP COM UT LTD PTN,"Susquehanna Securities, LLC"
ETAC,E MERGE TECHNOLOGY ACQUISITION COM CL A,
ETACU,E MERGE TECHNOLOGY ACQUISITION UNIT EX 073025,
ETACW,E MERGE TECHNOLOGY ACQUISITION WT EXP 073025,
ETB,EATON VANCE TAX MNGED BUY WRIT COM,
ETG,EATON VANCE TX ADV GLBL DIV FD COM,
ETH,ETHAN ALLEN INTERIORS INC COM,"Susquehanna Securities, LLC"
ETHO,ETF MANAGERS TR ETHO CLIMATE LEA,
ETI-,ENTERGY TEXAS INC 5.375% PFD A,
ETJ,EATON VANCE RISK-MANAGED DIVER COM,
ETM,ENTERCOM COMMUNICATIONS CORP CL A,"Group One Trading, L.P."
ETN,EATON CORP PLC SHS,"Susquehanna Securities, LLC"
ETNB,89BIO INC COM,
ETO,EATON VANCE TAX-ADVANTAGED GLO COM,
ETON,ETON PHARMACEUTICALS INC COM,
ETP-C,ENERGY TRANSFER OPERATING L P PFD UNIT SER C,
ETP-D,ENERGY TRANSFER OPERATING L P 7.625 PFD UNIT D,
ETP-E,ENERGY TRANSFER OPERATING L P CUM PFD UNIT E,
ETR,ENTERGY CORP NEW COM,"Susquehanna Securities, LLC"
ETRN,EQUITRANS MIDSTREAM CORP COM,"Wolverine Trading, LLC"
ETSY,ETSY INC COM,"Wolverine Trading, LLC"
ETTX,ENTASIS THERAPEUTICS HLDGS INC COM,
ETV,EATON VANCE TAX-MANAGED BUY- W COM,
ETW,EATON VANCE TAX-MANAGED GLOBAL COM,
ETX,EATON VANCE MUN INCOME 2028 TE SHS,
ETY,EATON VANCE TAX-MANAGED DIVERS COM,
EUCR,EUCRATES BIOMEDICAL ACQU CORP SHS,
EUCRU,EUCRATES BIOMEDICAL ACQU CORP UNIT EXP 102327,
EUCRW,EUCRATES BIOMEDICAL ACQU CORP WT EXP 102327,
EUDG,WISDOMTREE TR EURO QTLY DIV GR,
EUDV,PROSHARES TR MSCI EUR DIV,
EUFN,ISHARES TR MSCI EURO FL ETF,"Susquehanna Securities, LLC"
EUFX,PROSHARES TR II PROSHS SHT EUR,
EUM,PROSHARES TR PSHS SH MSCI EMR,"Susquehanna Securities, LLC"
EUO,PROSHARES TR II ULTRASHRT EURO,Morgan Stanley & Co. LLC
EURL,DIREXION SHS ETF TR DLY FTS BUL 3X,Belvedere Trading LLC
EURN,EURONAV NV SHS,"Susquehanna Securities, LLC"
EURZ,DBX ETF TR XTRCK EURZON EQT,
EUSA,ISHARES INC MSCI EQUAL WEITE,
EUSB,ISHARES TR ESG ADV TTL USD,
EUSC,WISDOMTREE TR EUR HDG SMLCAP,
EV,EATON VANCE CORP COM NON VTG,Citadel Securities LLC
EVA,ENVIVA PARTNERS LP COM UNIT,"Susquehanna Securities, LLC"
EVBG,EVERBRIDGE INC COM,"Wolverine Trading, LLC"
EVBN,EVANS BANCORP INC COM NEW,
EVC,ENTRAVISION COMMUNICATIONS CP CL A,"Wolverine Trading, LLC"
EVEPQ,EV ENERGY PARTNERS LP COM UNITS,
EVER,EVERQUOTE INC COM CL A,Citadel Securities LLC
EVF,EATON VANCE SR INCOME TR SH BEN INT,
EVFM,EVOFEM BIOSCIENCES INC COM,Citadel Securities LLC
EVG,EATON VANCE SHORT DURATION DIV COM,
EVGN,EVOGENE LTD SHS,
EVH,EVOLENT HEALTH INC CL A,"Susquehanna Securities, LLC"
EVI,EVI INDS INC COM,
EVK,EVER-GLORY INTL GROUP INC COM NEW,
EVLO,EVELO BIOSCIENCES INC COM,
EVM,EATON VANCE CALIF MUN BD FD COM,
EVN,EATON VANCE MUNI INCOME TRUST SH BEN INT,
EVOK,EVOKE PHARMA INC COM,"Group One Trading, L.P."
EVOL,EVOLVING SYS INC COM NEW,
EVOP,EVO PMTS INC CL A COM,"Susquehanna Securities, LLC"
EVR,EVERCORE INC CLASS A,Morgan Stanley & Co. LLC
EVRG,EVERGY INC COM,"Susquehanna Securities, LLC"
EVRI,EVERI HLDGS INC COM,"Wolverine Trading, LLC"
EVT,EATON VANCE TAX ADVT DIV INCM COM,
EVTC,EVERTEC INC COM,"Wolverine Trading, LLC"
EVV,EATON VANCE LTD DURATION INCOM COM,
EVX,VANECK VECTORS ETF TR ENVIRONMENTAL SV,
EVY,EATON VANCE NEW YORK MUN INCOM SH BEN INT,
EW,EDWARDS LIFESCIENCES CORP COM,"Susquehanna Securities, LLC"
EWA,ISHARES INC MSCI AUST ETF,GTS Securities LLC
EWBC,EAST WEST BANCORP INC COM,"Wolverine Trading, LLC"
EWC,ISHARES INC MSCI CDA ETF,Citadel Securities LLC
EWCO,INVESCO EXCHANGE TRADED FD TR S&P 500A EQL,
EWD,ISHARES INC MSCI SWEDEN ETF,"Wolverine Trading, LLC"
EWEB,GLOBAL X FDS EMKT INTRNT ECOM,
EWG,ISHARES INC MSCI GERMANY ETF,Citadel Securities LLC
EWGS,ISHARES TR MSCI GERMNY ETF,
EWH,ISHARES INC MSCI HONG KG ETF,Citadel Securities LLC
EWI,ISHARES INC MSCI ITALY ETF,"Group One Trading, L.P."
EWJ,ISHARES INC MSCI JPN ETF NEW,Citadel Securities LLC
EWJE,ISHARES TR MSCI JP EQUL,
EWJV,ISHARES TR MSCI JP VALUE,
EWK,ISHARES INC MSCI BELGIUM ETF,"Susquehanna Securities, LLC"
EWL,ISHARES INC MSCI SWITZERLAND,"Susquehanna Securities, LLC"
EWM,ISHARES INC MSCI MLY ETF NEW,"Wolverine Trading, LLC"
EWMC,INVESCO EXCHANGE TRADED FD TR S&P MDCP400 EQ,
EWN,ISHARES INC MSCI NETHERL ETF,"Susquehanna Securities, LLC"
EWO,ISHARES INC MSCI AUSTRIA ETF,
EWP,ISHARES INC MSCI SPAIN ETF,
EWQ,ISHARES INC MSCI FRANCE ETF,"Susquehanna Securities, LLC"
EWRE,INVESCO EXCHANGE TRADED FD TR S&P500 EQL REL,
EWS,ISHARES INC MSCI SINGPOR ETF,"Susquehanna Securities, LLC"
EWSC,INVESCO EXCHANGE TRADED FD TR S&P SML 600 EQ,
EWT,ISHARES INC MSCI TAIWAN ETF,Citadel Securities LLC
EWU,ISHARES TR MSCI UK ETF NEW,Citadel Securities LLC
EWUS,ISHARES TR MSCI UK SM ETF,
EWV,PROSHARES TR ULTSHT MSCI JAP,"Susquehanna Securities, LLC"
EWW,ISHARES INC MSCI MEXICO ETF,"Susquehanna Securities, LLC"
EWX,SPDR INDEX SHS FDS S&P EMKTSC ETF,"Susquehanna Securities, LLC"
EWY,ISHARES INC MSCI STH KOR ETF,Citadel Securities LLC
EWZ,ISHARES INC MSCI BRAZIL ETF,Citadel Securities LLC
EWZS,ISHARES TR BRAZIL SM-CP ETF,
EXAS,EXACT SCIENCES CORP COM,Morgan Stanley & Co. LLC
EXC,EXELON CORP COM,GTS Securities LLC
EXD,EATON VANCE TAX MNGD BUY WRITE COM SH BEN INT,
EXEL,EXELIXIS INC COM,"Group One Trading, L.P."
EXFO,EXFO INC SUB VTG SHS,
EXG,EATON VANCE TAX-MANAGED GLOBAL COM,
EXI,ISHARES TR GLOB INDSTRL ETF,
EXK,ENDEAVOUR SILVER CORP COM,Morgan Stanley & Co. LLC
EXLS,EXLSERVICE HOLDINGS INC COM,"Susquehanna Securities, LLC"
EXN,EXCELLON RES INC COM,
EXP,EAGLE MATLS INC COM,GTS Securities LLC
EXPC,EXPERIENCE INVT CORP COM CL A,
EXPCU,EXPERIENCE INVT CORP UNIT EX 090126,
EXPCW,EXPERIENCE INVT CORP WT EXP 090126,
EXPD,EXPEDITORS INTL WASH INC COM,Citadel Securities LLC
EXPE,EXPEDIA GROUP INC COM NEW,"Susquehanna Securities, LLC"
EXPI,EXP WORLD HLDGS INC COM,"Group One Trading, L.P."
EXPO,EXPONENT INC COM,
EXPR,EXPRESS INC COM,"Wolverine Trading, LLC"
EXR,EXTRA SPACE STORAGE INC COM,"Wolverine Trading, LLC"
EXTN,EXTERRAN CORP COM,
EXTR,EXTREME NETWORKS INC COM,Citadel Securities LLC
EYE,NATIONAL VISION HLDGS INC COM,"Wolverine Trading, LLC"
EYEG,EYEGATE PHARMACEUTICALS INC COM NEW,
EYEN,EYENOVIA INC COM,
EYES,SECOND SIGHT MED PRODS INC COM NEW,
EYESW,SECOND SIGHT MED PRODS INC WT EXP 031424,
EYLD,CAMBRIA ETF TR EMRG SHAREHLDR,
EYPT,EYEPOINT PHARMACEUTICALS INC COM NEW,"Group One Trading, L.P."
EZA,ISHARES INC MSCI STH AFR ETF,Citadel Securities LLC
EZJ,PROSHARES TR UL MSCI JP ETF,"Susquehanna Securities, LLC"
EZM,WISDOMTREE TR US MIDCAP FUND,
EZPW,EZCORP INC CL A NON VTG,"Susquehanna Securities, LLC"
EZU,ISHARES INC MSCI EURZONE ETF,"Susquehanna Securities, LLC"
F,FORD MTR CO DEL COM,"Two Sigma Securities, LLC"
F-B,FORD MTR CO DEL FXD DUE59,
F-C,FORD MTR CO DEL CAL NT 59,
FAAR,FIRST TR EXCHNG TRADED FD VII ALT ABSLT STRG,
FAB,FIRST TR MULTI CP VAL ALPHA FD SHS ISSUED FRST,
FAD,FIRST TR MULTI CAP GROWTH ALPH COM SHS,
FAF,FIRST AMERN FINL CORP COM,Citadel Securities LLC
FAII,FORTRESS VALUE ACQUISITION II COM CL A,
FAII+,FORTRESS VALUE ACQUISITION II WT EXP 081027,
FAII=,FORTRESS VALUE ACQUISITION II UNIT EX 081027,
FALN,ISHARES TR FALN ANGLS USD,
FAM,FIRST TR ABERDEEN GLBL OPP FD COM SHS,
FAMI,FARMMI INC SHS,
FAN,FIRST TR EXCHANGE-TRADED FD II GBL WND ENRG ETF,
FANG,DIAMONDBACK ENERGY INC COM,"Susquehanna Securities, LLC"
FANH,FANHUA INC SPONSORED ADR,Citadel Securities LLC
FARM,FARMER BROS CO COM,
FARO,FARO TECHNOLOGIES INC COM,"Susquehanna Securities, LLC"
FAS,DIREXION SHS ETF TR DLY FIN BULL NEW,GTS Securities LLC
FAST,FASTENAL CO COM,"Susquehanna Securities, LLC"
FAT,FAT BRANDS INC COM,
FATBP,FAT BRANDS INC 8.25% CUM PFD B,
FATBW,FAT BRANDS INC WT EXP 063025,
FATE,FATE THERAPEUTICS INC COM,
FAUG,FIRST TR EXCHNG TRADED FD VIII VEST US BUFFER,
FAX,ABERDEEN ASIA-PACIFIC INCOME F COM,
FAZ,DIREXION SHS ETF TR DAILY FINL BEAR,GTS Securities LLC
FB,FACEBOOK INC CL A,"Susquehanna Securities, LLC"
FBC,FLAGSTAR BANCORP INC COM PAR .001,"Susquehanna Securities, LLC"
FBCG,FIDELITY COVINGTON TRUST BLUE CHIP GRWTH,
FBCV,FIDELITY COVINGTON TRUST BLUE CHIP VALUE,
FBGX,UBS AG LONDON BRANCH EN LG CP GRWTH,
FBHS,FORTUNE BRANDS HOME & SEC INC COM,GTS Securities LLC
FBIO,FORTRESS BIOTECH INC COM,
FBIOP,FORTRESS BIOTECH INC 9.375% CUM PFD A,
FBIZ,FIRST BUS FINL SVCS INC WIS COM,
FBK,FB FINL CORP COM,
FBM,FOUNDATION BLDG MATLS INC COM,"Group One Trading, L.P."
FBMS,FIRST BANCSHARES INC MS COM,
FBNC,FIRST BANCORP N C COM,"Wolverine Trading, LLC"
FBND,FIDELITY MERRIMACK STR TR TOTAL BD ETF,
FBP,FIRST BANCORP P R COM NEW,Belvedere Trading LLC
FBRX,FORTE BIOSCIENCES INC COM,
FBSS,FAUQUIER BANKSHARES INC COM,
FBT,FIRST TR EXCHANGE-TRADED FD NY ARCA BIOTECH,Belvedere Trading LLC
FBZ,FIRST TR EXCH TRD ALPHDX FD II BRAZIL ALPHADEX,
FC,FRANKLIN COVEY CO COM,
FCA,FIRST TR EXCH TRD ALPHDX FD II CHINA ALPHADEX,Belvedere Trading LLC
FCAC,FALCON CAPITAL ACQUISITN CORP COM CL A,
FCACU,FALCON CAPITAL ACQUISITN CORP UNIT EX 082027,
FCACW,FALCON CAPITAL ACQUISITN CORP WT EXP 082027,
FCAL,FIRST TR EXCH TRADED FD III CALIF MUN INCM,
FCAP,FIRST CAPITAL INC COM,
FCAU,FIAT CHRYSLER AUTOMOBILES N V SHS,"Susquehanna Securities, LLC"
FCBC,FIRST CMNTY BANKSHARES INC VA COM,"Susquehanna Securities, LLC"
FCBP,FIRST CHOICE BANCORP COM,
FCCO,FIRST CMNTY CORP S C COM,
FCCY,1ST CONSTITUTION BANCORP COM,
FCEF,FIRST TR EXCHNG TRADED FD VIII CEF INCM OPPTY,
FCEL,FUELCELL ENERGY INC COM,"Group One Trading, L.P."
FCF,FIRST COMWLTH FINL CORP PA COM,Belvedere Trading LLC
FCFS,FIRSTCASH INC COM,Citadel Securities LLC
FCG,FIRST TR EXCHANGE-TRADED FD NAT GAS ETF,Citadel Securities LLC
FCN,FTI CONSULTING INC COM,GTS Securities LLC
FCNCA,FIRST CTZNS BANCSHARES INC N C CL A,
FCNCP,FIRST CTZNS BANCSHARES INC 5.375 DEP PFD A,
FCO,ABERDEEN GLOBAL INCOME FD INC COM,
FCOM,FIDELITY COVINGTON TRUST MSCI COMMNTN SVC,"Wolverine Trading, LLC"
FCOR,FIDELITY MERRIMACK STR TR CORP BOND ETF,
FCPI,FIDELITY COVINGTON TRUST STOCK FOR INFL,
FCPT,FOUR CORNERS PPTY TR INC COM,
FCRD,FIRST EAGLE ALTR CAP BDC INC COM,"Group One Trading, L.P."
FCRW,FIRST EAGLE ALTR CAP BDC INC 6.125 SR NT 23,
FCRZ,FIRST EAGLE ALTR CAP BDC INC 6.75 NTS 2022,
FCT,FIRST TR SR FLG RTE INCM FD II COM,
FCTR,FIRST TR EXCHANGE-TRADED FD LUNT US FACTOR,
FCVT,FIRST TR EXCHANGE-TRADED FD IV SSI STRG ETF,
FCX,FREEPORT-MCMORAN INC CL B,"Two Sigma Securities, LLC"
FDBC,FIDELITY D & D BANCORP INC COM,
FDD,FIRST TR STOXX EUROPEAN SELECT COMMON SHS,
FDEC,FIRST TR EXCHNG TRADED FD VIII FT CBOE EQTY BFR,
FDEM,FIDELITY COVINGTON TRUST EMERG MKTS MLTFT,
FDEU,FIRST TR DYNAMIC EUROPE EQUITY COM SHS,
FDEV,FIDELITY COVINGTON TRUST INTL MULTIFACTOR,
FDG,AMERICAN CENTY ETF TR FOCUSED DYNAMIC,
FDHY,FIDELITY COVINGTON TRUST HIGH YILD ETF,
FDIS,FIDELITY COVINGTON TRUST MSCI CONSM DIS,Belvedere Trading LLC
FDIV,FIRST TR EXCHANGE-TRADED FD IV FT STRG INCM ETF,
FDL,FIRST TR MORNINGSTAR DIVID LEA SHS,Belvedere Trading LLC
FDLO,FIDELITY COVINGTON TRUST LOW VOLITY ETF,
FDM,FIRST TR DOW JONES SELECT MICR COM SHS ANNUAL,
FDMO,FIDELITY COVINGTON TRUST MOMENTUM FACTR,
FDMT,4D MOLECULAR THERAPEUTICS INC COM,
FDN,FIRST TR EXCHANGE-TRADED FD DJ INTERNT IDX,Belvedere Trading LLC
FDNI,FIRST TR EXCHANGE TRADED FD II DJ INTL INTRNT,
FDP,FRESH DEL MONTE PRODUCE INC ORD,Citadel Securities LLC
FDRR,FIDELITY COVINGTON TRUST DIVID ETF RISI,
FDS,FACTSET RESH SYS INC COM,"Susquehanna Securities, LLC"
FDT,FIRST TR EXCH TRD ALPHDX FD II DEV MRK EX US,
FDTS,FIRST TR EXCH TRD ALPHDX FD II EX US SML CP,
FDUS,FIDUS INVT CORP COM,"Group One Trading, L.P."
FDUSG,FIDUS INVT CORP 5.375% NT 24,
FDUSL,FIDUS INVT CORP 5.875% NT 23,
FDUSZ,FIDUS INVT CORP 6% NT 24,
FDVV,FIDELITY COVINGTON TRUST HIGH DIVID ETF,
FDX,FEDEX CORP COM,Citigroup Derivatives Markets Inc.
FE,FIRSTENERGY CORP COM,Citigroup Derivatives Markets Inc.
FEDU,FOUR SEASONS ED CAYMAN INC ADR,
FEDX,EMLES TR FEDERAL CONTRCTR,
FEI,FIRST TR MLP & ENERGY INCOM FD COM,
FEIM,FREQUENCY ELECTRS INC COM,
FELE,FRANKLIN ELEC INC COM,
FELPQ,FORESIGHT ENERGY LP COM UNIT RP INT,
FEM,FIRST TR EXCH TRD ALPHDX FD II EMERG MKT ALPH,"Wolverine Trading, LLC"
FEMB,FIRST TR EXCH TRADED FD III EME MRK BD ETF,
FEMS,FIRST TR EXCH TRD ALPHDX FD II EM SML CP ALPH,
FEN,FIRST TR ENERGY INCOME & GROWT COM,
FENC,FENNEC PHARMACEUTICALS INC COM,
FENG,PHOENIX NEW MEDIA LTD SPONSORED ADS,"Wolverine Trading, LLC"
FENY,FIDELITY COVINGTON TRUST MSCI ENERGY IDX,"Susquehanna Securities, LLC"
FEO,FIRST TR / ABERDEEN EMERGING O COM,
FEP,FIRST TR EXCH TRD ALPHDX FD II EUROPE ALPHADEX,Belvedere Trading LLC
FET,FORUM ENERGY TECHNOLOGIES INC COM,"Group One Trading, L.P."
FEUL,CREDIT SUISSE NASSAU BRANCH FI ENHNCD EUR 50,
FEUZ,FIRST TR EXCH TRD ALPHDX FD II EURO ALPHADEX,
FEVR,NORTHERN LTS FD TR IV INDPIRE FAITH LR,
FEX,FIRST TR LRGE CP CORE ALPHA FD COM SHS,Belvedere Trading LLC
FEYE,FIREEYE INC COM,Citadel Securities LLC
FEZ,SPDR INDEX SHS FDS EURO STOXX 50,"Susquehanna Securities, LLC"
FF,FUTUREFUEL CORP COM,"Susquehanna Securities, LLC"
FFA,FIRST TR ENHANCED EQTY INC FD COM,
FFBC,FIRST FINL BANCORP OH COM,
FFBW,FFBW INC MD COM,
FFC,FLAHERTY & CRUMRINE PFD SECS I COM,
FFEB,FIRST TR EXCHNG TRADED FD VIII US EQT BUFFER,
FFG,FBL FINL GROUP INC CL A,
FFHG,NORTHERN LTS FD TR IV FORMULA FOLIOS,
FFHL,FUWEI FILMS HLDGS CO LTD SHS NEW,
FFIC,FLUSHING FINL CORP COM,
FFIN,FIRST FINL BANKSHARES COM,
FFIU,SPINNAKER ETF SERIES UVA UNCONSTRAIND,
FFIV,F5 NETWORKS INC COM,Citadel Securities LLC
FFNW,FIRST FINANCIAL NORTHWEST INC COM,
FFR,FIRST TR FTSE EPRA / NAREIT DE COM,
FFSG,NORTHERN LTS FD TR IV FRMLAFLIO SMRT,
FFTG,NORTHERN LTS FD TR IV FRMLAFLIO TACT,
FFTI,NORTHERN LTS FD TR IV FRMLAFOLIOS TATL,
FFTY,INNOVATOR ETFS TR IBD 50 ETF,Belvedere Trading LLC
FFWM,FIRST FNDTN INC COM,
FGB,FIRST TRUST SPECIALTY FINANCE COM BEN INTR,
FGBI,FIRST GTY BANCSHARES INC COM,
FGD,FIRST TR EXCHANGE TRADED FD II DJ GLBL DIVID,
FGEN,FIBROGEN INC COM,"Group One Trading, L.P."
FGF,FG FINANCIAL GROUP INC COM,
FGFPP,FG FINANCIAL GROUP INC 8% PFD SER A,
FGM,FIRST TR EXCH TRD ALPHDX FD II GERMANY ALPHA,
FGNA,FG NEW AMER ACQUISITION CORP COM,
FGNA+,FG NEW AMER ACQUISITION CORP WT EXP 083127,
FGNA=,FG NEW AMER ACQUISITION CORP UNIT EX 083127,
FGPR,FERRELLGAS PARTNERS L P UNIT LTD PART,
FHB,FIRST HAWAIIAN INC COM,"Susquehanna Securities, LLC"
FHI,FEDERATED HERMES INC CL B,
FHLC,FIDELITY COVINGTON TRUST MSCI HLTH CARE I,"Susquehanna Securities, LLC"
FHN,FIRST HORIZON CORPORATION COM,Citadel Securities LLC
FHN-A,FIRST HORIZON CORPORATION DEP SHS,
FHN-B,FIRST HORIZON CORPORATION DP SHS NCM PFD B,
FHN-C,FIRST HORIZON CORPORATION DP SHS NCM PFD C,
FHN-D,FIRST HORIZON CORPORATION DP SHS NCM D,
FHN-E,FIRST HORIZON CORPORATION 6.50 DP RP PFD E,
FHTX,FOGHORN THERAPEUTICS INC COM,
FI,FRANKS INTL N V COM,"Wolverine Trading, LLC"
FIBK,FIRST INTST BANCSYSTEM INC COM CL A,
FIBR,ISHARES TR U.S. FIXED INCME,
FICO,FAIR ISAAC CORP COM,"Wolverine Trading, LLC"
FICS,FIRST TR EXCHANGE-TRADED FD VI INTL DEV STRNGTH,
FID,FIRST TR EXCHANGE-TRADED FD VI S&P INTL DIVID,
FIDI,FIDELITY COVINGTON TRUST INT HG DIV ETF,
FIDU,FIDELITY COVINGTON TRUST MSCI INDL INDX,Belvedere Trading LLC
FIEE,UBS AG LONDON BRANCH FI ENHAN EUR ETN,
FIEGF,DEUTSCHE BK AG LONDON BRH FI ENH GL0BAL HY,
FIF,FIRST TR ENERGY INFRASTRCTR FD COM,
FIHD,UBS AG LONDON BRANCH FI ENHANCD ETN,
FIII,FORUM MERGER III CORP COM CL A,
FIIIU,FORUM MERGER III CORP UNIT EX 082427,
FIIIW,FORUM MERGER III CORP WT EXP 082427,
FILL,ISHARES INC GLB ENR PROD ETF,
FINS,ANGEL OAK FINL STRATEGIES INCM COM BEN INT,
FINV,FINVOLUTION GROUP SPONSORED ADS,"Wolverine Trading, LLC"
FINX,GLOBAL X FDS FINTECH ETF,
FIS,FIDELITY NATL INFORMATION SVCS COM,GTS Securities LLC
FISI,FINANCIAL INSTNS INC COM,
FISK,EMPIRE ST RLTY OP L P UNIT LTD PRT 250,
FISR,SSGA ACTIVE TR SPDR SSGA FXD,
FISV,FISERV INC COM,"Two Sigma Securities, LLC"
FIT,FITBIT INC CL A,Morgan Stanley & Co. LLC
FITB,FIFTH THIRD BANCORP COM,Citadel Securities LLC
FITBI,FIFTH THIRD BANCORP DEP 1/1000 PFD,
FITBO,FIFTH THIRD BANCORP 4.95 DP SH PFD K,
FITBP,FIFTH THIRD BANCORP 6% DP SH CL B SR,
FITE,SPDR SER TR S&P KENSHO FUTRE,
FIV,FIRST TR SR FLOATING RATE 2022 COM SHS,
FIVA,FIDELITY COVINGTON TRUST INT VL FCT ETF,
FIVE,FIVE BELOW INC COM,"Susquehanna Securities, LLC"
FIVG,ETF SER SOLUTIONS DEFIANCE NEXT,
FIVN,FIVE9 INC COM,Citadel Securities LLC
FIW,FIRST TR EXCHANGE TRADED FD WTR ETF,
FIX,COMFORT SYS USA INC COM,Citadel Securities LLC
FIXD,FIRST TR EXCHNG TRADED FD VIII TCW OPPORTUNIS,
FIXX,HOMOLOGY MEDICINES INC COM,
FIZZ,NATIONAL BEVERAGE CORP COM,"Wolverine Trading, LLC"
FJNK,PACIFIC GLOBAL ETF TR FOCUSD HI YLD,
FJP,FIRST TR EXCH TRD ALPHDX FD II JAPAN ALPHADEX,
FJUL,FIRST TR EXCHNG TRADED FD VIII CBOE VEST US EQT,
FJUN,FIRST TR EXCHNG TRADED FD VIII CBOE VEST US EQT,
FKU,FIRST TR EXCH TRD ALPHDX FD II UNIT KING ALPH,
FL,FOOT LOCKER INC COM,"Susquehanna Securities, LLC"
FLACU,FRAZIER LIFESCIENCES ACQU CORP UNIT EXP 120925,
FLAU,FRANKLIN TEMPLETON ETF TR FTSE AUSTRALIA,
FLAX,FRANKLIN TEMPLETON ETF TR FRANKLIN ASIA,
FLBL,FRANKLIN TEMPLETON ETF TR LIBERTY SR LN,
FLBR,FRANKLIN TEMPLETON ETF TR FTSE BRAZIL,
FLC,FLAHERTY & CRUMRINE TOTAL RETU COM,
FLCA,FRANKLIN TEMPLETON ETF TR FTSE CANADA,
FLCB,FRANKLIN TEMPLETON ETF TR LIBERTY US COR,
FLCH,FRANKLIN TEMPLETON ETF TR FTSE CHINA,
FLCO,FRANKLIN TEMPLETON ETF TR LIBERTY INVT,
FLDM,FLUIDIGM CORP DEL COM,"Wolverine Trading, LLC"
FLDR,FIDELITY MERRIMACK STR TR LOW DURTIN ETF,
FLEE,FRANKLIN TEMPLETON ETF TR FTSE EUROPE,
FLEH,FRANKLIN TEMPLETON ETF TR FTSE EUROPE HG,
FLEX,FLEX LTD ORD,"Susquehanna Securities, LLC"
FLFG,FEDERAL LIFE GROUP INC COM,
FLFR,FRANKLIN TEMPLETON ETF TR FTSE FRANCE,
FLGB,FRANKLIN TEMPLETON ETF TR FTSE UNTD KGDM,
FLGE,CREDIT SUISSE AG NASSAU BRH LG CAP GRTH ENH,
FLGR,FRANKLIN TEMPLETON ETF TR FTSE GERMANY,
FLGT,FULGENT GENETICS INC COM,"Wolverine Trading, LLC"
FLGV,FRANKLIN TEMPLETON ETF TR US TRESRY BD,
FLHK,FRANKLIN TEMPLETON ETF TR FTSE HONG KONG,
FLHY,FRANKLIN TEMPLETON ETF TR LIBERTY HI YLD,
FLIA,FRANKLIN TEMPLETON ETF TR LIBERTY INTL,
FLIC,FIRST LONG IS CORP COM,
FLIN,FRANKLIN TEMPLETON ETF TR FRANKLIN INDIA,
FLIR,FLIR SYS INC COM,"Susquehanna Securities, LLC"
FLIY,FRANKLIN TEMPLETON ETF TR FTSE ITALY ETF,
FLJH,FRANKLIN TEMPLETON ETF TR FTSE JAPAN HDG,
FLJP,FRANKLIN TEMPLETON ETF TR FTSE JAPAN ETF,
FLKR,FRANKLIN TEMPLETON ETF TR FTSE SOUTH KOREA,
FLL,FULL HSE RESORTS INC COM,
FLLA,FRANKLIN TEMPLETON ETF TR FTSE LATN AMRC,
FLLV,FRANKLIN TEMPLETON ETF TR LIBERTY US ETF,
FLM,FIRST TR EXCHANGE TRADED FD II GLOBAL ENGR ETF,
FLMB,FRANKLIN TEMPLETON ETF TR LIBERTY FDRL TAX,
FLMI,FRANKLIN TEMPLETON ETF TR LIBERTY FDRL INT,
FLMN,FALCON MINERALS CORP CL A COM,
FLMNW,FALCON MINERALS CORP WT EXP 072122,
FLMX,FRANKLIN TEMPLETON ETF TR FTSE MEXICO,
FLN,FIRST TR EXCH TRD ALPHDX FD II LATIN AMER ALP,
FLNG,FLEX LNG LTD SHS,
FLNT,FLUENT INC COM,"Wolverine Trading, LLC"
FLO,FLOWERS FOODS INC COM,Citadel Securities LLC
FLOT,ISHARES TR FLTG RATE NT ETF,
FLOW,SPX FLOW INC COM,"Wolverine Trading, LLC"
FLQD,FRANKLIN TEMPLETON ETF TR LIBERTYQ GBL,
FLQE,FRANKLIN TEMPLETON ETF TR LIBERTYQ EMERG,
FLQG,FRANKLIN TEMPLETON ETF TR LIBERTYQ EQUTY,
FLQH,FRANKLIN TEMPLETON ETF TR LIBERTYQ INTL,
FLQL,FRANKLIN TEMPLETON ETF TR LIBERTYQ US EQT,
FLQM,FRANKLIN TEMPLETON ETF TR LIBERTYQ US MID,
FLQS,FRANKLIN TEMPLETON ETF TR LIBERTYQ US SML,
FLR,FLUOR CORP NEW COM,"Wolverine Trading, LLC"
FLRG,FIDELITY COVINGTON TRUST FIDELITY US MLTF,
FLRN,SPDR SER TR BLOMBERG BRC INV,
FLRT,PACIFIC GLOBAL ETF TR GLOBAL SR LN ETF,
FLRU,FRANKLIN TEMPLETON ETF TR FRANKLIN RUSIA,
FLS,FLOWSERVE CORP COM,Citadel Securities LLC
FLSA,FRANKLIN TEMPLETON ETF TR FTSE SAUDI ARB,
FLSP,FRANKLIN TEMPLETON ETF TR LIBERTY SYSTMT,
FLSW,FRANKLIN TEMPLETON ETF TR FRANKLN SWZLND,
FLT,FLEETCOR TECHNOLOGIES INC COM,Morgan Stanley & Co. LLC
FLTB,FIDELITY MERRIMACK STR TR LTD TRM BD ETF,
FLTR,VANECK VECTORS ETF TR INVT GRADE FLTG,
FLTW,FRANKLIN TEMPLETON ETF TR FTSE TAIWAN,
FLUD,FRANKLIN TEMPLETON ETF TR LIBERTY ULRA SHR,
FLUX,FLUX PWR HLDGS INC COM NEW,
FLV,AMERICAN CENTY ETF TR FOCUSED LRG CAP,
FLWS,FLWS/1-800 FLOWERS CL A,Belvedere Trading LLC
FLXN,FLEXION THERAPEUTICS INC COM,"Group One Trading, L.P."
FLXS,FLEXSTEEL INDS INC COM,
FLY,FLY LEASING LTD SPONSORED ADR,"Susquehanna Securities, LLC"
FLYT,DIREXION SHS ETF TR FLIGHT TO SAFT,
FLZA,FRANKLIN TEMPLETON ETF TR FTSE SOUTH AFR,
FM,ISHARES INC MSCI FRNTR100ETF,Belvedere Trading LLC
FMAC,FIRSTMARK HORIZON ACQUISITION CL A COM,
FMAC+,FIRSTMARK HORIZON ACQUISITION WT EX 092625,
FMAC=,FIRSTMARK HORIZON ACQUISITION UNIT EX,
FMAO,FARMERS & MERCHANTS BANCORP IN COM,
FMAT,FIDELITY COVINGTON TRUST MSCI MATLS INDEX,Belvedere Trading LLC
FMAY,FIRST TR EXCHNG TRADED FD VIII CBOE VEST US BUF,
FMB,FIRST TR EXCH TRADED FD III MANAGD MUN ETF,
FMBH,FIRST MID ILL BANCSHARES INC COM,
FMBI,FIRST MIDWEST BANCORP DEL COM,"Susquehanna Securities, LLC"
FMBIO,FIRST MIDWEST BANCORP DEL 7% DP SH PF C,
FMBIP,FIRST MIDWEST BANCORP DEL DP 1/40 NC PPF A,
FMC,FMC CORP COM NEW,"Wolverine Trading, LLC"
FMF,FIRST TR EXCHANGE-TRADED FD V MNGD FUTRS STRGY,
FMHI,FIRST TR EXCH TRADED FD III MUNI HI INCM ETF,
FMIL,FIDELITY COVINGTON TRUST NEW MILLENNIUM,
FMN,FEDERATED HERMES PREM MUNI INM COM,
FMNB,FARMERS NATIONAL BANC CORP COM,
FMO,FIDUCIARY CLAYMORE ENGRY INFRA COM,
FMS,FRESENIUS MED CARE AG&CO KGAA SPONSORED ADR,"Wolverine Trading, LLC"
FMTX,FORMA THERAPEUTICS HLDGS INC SHS,
FMX,FOMENTO ECONOMICO MEXICANO SAB SPON ADR UNITS,"Wolverine Trading, LLC"
FMY,FIRST TRUST MORTGAGE INCM FD COM SHS,
FN,FABRINET SHS,"Wolverine Trading, LLC"
FNB,F N B CORP COM,"Wolverine Trading, LLC"
FNB-E,F N B CORP FLA DEP SHS 1/40 PFD,
FNCB,FNCB BANCORP INC COM,
FNCL,FIDELITY COVINGTON TRUST MSCI FINLS IDX,"Susquehanna Securities, LLC"
FND,FLOOR & DECOR HLDGS INC CL A,Citadel Securities LLC
FNDA,SCHWAB STRATEGIC TR SCHWAB FDT US SC,Belvedere Trading LLC
FNDB,SCHWAB STRATEGIC TR SCHWAB FDT US BM,
FNDC,SCHWAB STRATEGIC TR SCHWB FDT INT SC,
FNDE,SCHWAB STRATEGIC TR SCHWB FDT EMK LG,Belvedere Trading LLC
FNDF,SCHWAB STRATEGIC TR SCHWB FDT INT LG,Belvedere Trading LLC
FNDX,SCHWAB STRATEGIC TR SCHWAB FDT US LG,Belvedere Trading LLC
FNF,FIDELITY NATIONAL FINANCIAL IN FNF GROUP COM,Citadel Securities LLC
FNGD,BANK OF MONTREAL MICROSCTRS 3X,
FNGO,BANK OF MONTREAL 2X LEVERAGED,
FNGS,BANK OF MONTREAL NT LKD 38,
FNGU,BANK OF MONTREAL MICROSECTORS IDX,
FNGZ,BANK OF MONTREAL 2X INVERSE LEV,
FNHC,FEDNAT HLDG CO COM,
FNI,FIRST TR EXCHANGE TRADED FD CHINDIA ETF,
FNK,FIRST TR EXCHANGE-TRADED ALPHA MID CAP VAL FD,
FNKO,FUNKO INC COM CL A,"Susquehanna Securities, LLC"
FNLC,FIRST BANCORP INC ME COM,
FNOV,FIRST TR EXCHNG TRADED FD VIII CBOE EQT BUFER,
FNV,FRANCO NEV CORP COM,"Wolverine Trading, LLC"
FNWB,FIRST NORTHWEST BANCORP COM,
FNX,FIRST TR MID CAP CORE ALPHADEX COM SHS,
FNY,FIRST TR EXCHANGE-TRADED ALPHA MID CP GR ALPH,
FOCS,FOCUS FINL PARTNERS INC COM CL A,"Wolverine Trading, LLC"
FOCT,FIRST TR EXCHNG TRADED FD VIII VEST US EQTY BUF,
FOE,FERRO CORP COM,"Group One Trading, L.P."
FOF,COHEN & STEERS CLOSED END OPPO COM,
FOLD,AMICUS THERAPEUTICS INC COM,"Group One Trading, L.P."
FONR,FONAR CORP COM NEW,
FOR,FORESTAR GROUP INC COM,GTS Securities LLC
FORD,FORWARD INDS INC N Y COM NEW,
FORM,FORMFACTOR INC COM,"Susquehanna Securities, LLC"
FORR,FORRESTER RESH INC COM,"Susquehanna Securities, LLC"
FORTY,FORMULA SYSTEMS 1985 LTD SPONSORED ADS,
FOSL,FOSSIL GROUP INC COM,Morgan Stanley & Co. LLC
FOUR,SHIFT4 PMTS INC CL A,"Wolverine Trading, LLC"
FOVL,ISHARES TR FOCUSD VAL FAC,
FOX,FOX CORP CL B COM,"Wolverine Trading, LLC"
FOXA,FOX CORP CL A COM,"Susquehanna Securities, LLC"
FOXF,FOX FACTORY HLDG CORP COM,
FPA,FIRST TR EXCH TRD ALPHDX FD II ASIA EX JAPAN,
FPAC=,FAR PEAK ACQUISITION CORP UNIT,
FPAY,FLEXSHOPPER INC COM NEW,
FPE,FIRST TR EXCH TRADED FD III PFD SECS INC ETF,"Wolverine Trading, LLC"
FPEI,FIRST TR EXCH TRADED FD III INSTL PFD SECS,
FPF,FIRST TR INTER DUR PFD & IN FD COM,
FPH,FIVE POINT HOLDINGS LLC COM CL A,
FPI,FARMLAND PARTNERS INC COM,Belvedere Trading LLC
FPI-B,FARMLAND PARTNERS INC 6% PFD SER B,
FPL,FST TR NEW OPPORT MLP & ENE FD COM,
FPRX,FIVE PRIME THERAPEUTICS INC COM,Morgan Stanley & Co. LLC
FPX,FIRST TR EXCHANGE TRADED FD US EQTY OPPT ETF,Belvedere Trading LLC
FPXE,FIRST TR EXCHANGE TRADED FD II IPOX EUROPE EQ,
FPXI,FIRST TR EXCHANGE TRADED FD II INTL EQUITY OPP,
FQAL,FIDELITY COVINGTON TRUST QLTY FCTOR ETF,
FR,FIRST INDL RLTY TR INC COM,"Group One Trading, L.P."
FRA,BLACKROCK FLOATING RATE INCOME COM,
FRAF,FRANKLIN FINL SVCS CORP COM,
FRAK,VANECK VECTORS ETF TR UNCVTL OIL GAS,"Susquehanna Securities, LLC"
FRBA,FIRST BANK WILLIAMSTOWN NJ COM,
FRBK,REPUBLIC FIRST BANCORP INC COM,"Wolverine Trading, LLC"
FRC,FIRST REP BK SAN FRANCISCO CAL COM,
FRC-G,FIRST REP BK SAN FRANCISCO CAL DEP PFD SER G,
FRC-H,FIRST REP BK SAN FRANCISCO CAL DEP SHS RP PFD H,
FRC-I,FIRST REP BK SAN FRANCISCO 5.50% NCUM PFD I,
FRC-J,FIRST REP BK SAN FRANCISCO CAL 4.7% DEP RP PF J,
FRC-K,FIRST REP BK SAN FRANCISCO CAL 4.125 DEP PFD K,
FRD,FRIEDMAN INDS INC COM,
FRDM,ALPHA ARCHITECT ETF TR FREEDOM 100 EM,
FREDQ,FREDS INC CL A,
FREE,WHOLE EARTH BRANDS INC COM CL A,"Wolverine Trading, LLC"
FREEW,WHOLE EARTH BRANDS INC WT EXP 062525,
FREL,FIDELITY COVINGTON TRUST MSCI RL EST ETF,Belvedere Trading LLC
FREQ,FREQUENCY THERAPEUTICS INC COM,
FRFHF,Fairfax Financial Holdings Limited,
FRG,FRANCHISE GROUP INC COM,
FRGAP,FRANCHISE GROUP INC 7.50% CUM PFD A,
FRGI,FIESTA RESTAURANT GROUP INC COM,"Wolverine Trading, LLC"
FRHC,FREEDOM HLDG CORP NEV COM,
FRI,FIRST TR S&P REIT INDEX FD COM,
FRLG,GS FIN CORP MEDIUM TERM NTS,
FRLN,FREELINE THERAPEUTICS HLDGS PL SPONSORED ADS,
FRME,FIRST MERCHANTS CORP COM,
FRO,FRONTLINE LTD SHS NEW,"Susquehanna Securities, LLC"
FROG,JFROG LTD ORD SHS,Citadel Securities LLC
FRPH,FRP HLDGS INC COM,
FRPT,FRESHPET INC COM,Citadel Securities LLC
FRSX,FORESIGHT AUTONOMOUS HLDGS LTD SPONSORED ADS,
FRT,FEDERAL RLTY INVT TR SH BEN INT NEW,"Wolverine Trading, LLC"
FRT-C,FEDERAL RLTY INVT TR 5% CUM PFD C,
FRTA,FORTERRA INC COM,"Wolverine Trading, LLC"
FRX=,FOREST ROAD ACQUISITION CORP UNITS,
FSBW,FS BANCORP INC COM,
FSD,FIRST TR HIGH INCOME L/S FD COM,
FSDC,FS DEV CORP COM CL A,
FSEA,FIRST SEACOAST BANCORP COM,
FSEP,FIRST TR EXCHNG TRADED FD VIII FT CBOE VEST US,
FSFG,FIRST SAVINGS FINL GROUP INC COM,
FSI,FLEXIBLE SOLUTIONS INTL INC COM,
FSK,FS KKR CAP CORP COM,Citadel Securities LLC
FSKR,FS KKR CAP CORP II COM,
FSLF,FIRST EAGLE SENIOR LOAN FUND COM NEW,
FSLR,FIRST SOLAR INC COM,"Susquehanna Securities, LLC"
FSLY,FASTLY INC CL A,"Susquehanna Securities, LLC"
FSM,FORTUNA SILVER MINES INC COM,"Group One Trading, L.P."
FSMB,FIRST TR EXCH TRADED FD III SHRT DUR MNG MUN,
FSMD,FIDELITY COVINGTON TRUST SML MID MLTFCT,
FSNNQ,FUSION CONNECT INC COM,
FSP,FRANKLIN STR PPTYS CORP COM,
FSR,FISKER INC CL A COM STK,"Group One Trading, L.P."
FSR+,FISKER INC WT EXP 120125,
FSRV,FINSERV ACQUISITION CORP CL A,
FSRVU,FINSERV ACQUISITION CORP UNIT EX 123126,
FSRVW,FINSERV ACQUISITION CORP WT EXP 123126,
FSS,FEDERAL SIGNAL CORP COM,"Wolverine Trading, LLC"
FST,FAST ACQUISITION CORP COM CL A,
FST+,FAST ACQUISITION CORP WT EXP 082527,
FST=,FAST ACQUISITION CORP UNIT,
FSTA,FIDELITY COVINGTON TRUST CONSMR STAPLES,Belvedere Trading LLC
FSTR,FOSTER L B CO COM,GTS Securities LLC
FSTX,F-STAR THERAPEUTICS INC COM,
FSV,FIRSTSERVICE CORP NEW COM,
FSZ,FIRST TR EXCH TRD ALPHDX FD II SWITZLND ALPHA,
FT,FRANKLIN UNVL TR SH BEN INT,
FTA,FIRST TR LRG CP VL ALPHADEX FD COM SHS,
FTAG,FIRST TR EXCHANGE TRADED FD II INDXX GLOBAL AGR,"Wolverine Trading, LLC"
FTAI,FORTRESS TRANS INFRST INVS LLC COM REP LTD LIAB,"Susquehanna Securities, LLC"
FTAI-A,FORTRESS TRANS INFRST INVS LLC 8.25% PFD SER A,
FTAI-B,FORTRESS TRANS INFRST INVS LLC 8% CUM RED PFD B,
FTC,FIRST TRUST LRGCP GWT ALPHADEX COM SHS,"Susquehanna Securities, LLC"
FTCH,FARFETCH LTD ORD SH CL A,"Group One Trading, L.P."
FTCS,FIRST TR EXCHANGE-TRADED FD CAP STRENGTH ETF,Belvedere Trading LLC
FTCVU,FINTECH ACQUISITION CORP V UNIT EX,
FTDR,FRONTDOOR INC COM,"Wolverine Trading, LLC"
FTEC,FIDELITY COVINGTON TRUST MSCI INFO TECH I,Belvedere Trading LLC
FTEK,FUEL TECH INC COM,"Wolverine Trading, LLC"
FTF,FRANKLIN LTD DURATION INCOME T COM,
FTFT,FUTURE FINTECH GROUP INC COM,
FTGC,FIRST TR EXCHANGE TRAD FD VII FST TR GLB FD,Belvedere Trading LLC
FTHI,FIRST TR EXCHANGE-TRADED FD VI BUYWRIT INCM ETF,
FTHM,FATHOM HOLDINGS INC COM,
FTHY,FIRST TR HIGH YIELD OPPRT 2027 COM,
FTI,TECHNIPFMC PLC COM,"Wolverine Trading, LLC"
FTIV,FINTECH ACQUISITION CORP IV CL A,
FTIVU,FINTECH ACQUISITION CORP IV UNIT EX 123125,
FTIVW,FINTECH ACQUISITION CORP IV WT EXP 123125,
FTK,FLOTEK INDS INC DEL COM,Citadel Securities LLC
FTLB,FIRST TR EXCHANGE-TRADED FD VI HEDGED BUYWRITE,
FTLS,FIRST TR EXCH TRADED FD III LNG/SHT EQUITY,
FTNT,FORTINET INC COM,Citadel Securities LLC
FTOC,FTAC OLYMPUS ACQUISITION CORP CL A SHS,
FTOCU,FTAC OLYMPUS ACQUISITION CORP UNIT EXP 082425,
FTOCW,FTAC OLYMPUS ACQUISITION CORP WT EXP 082825,
FTRCQ,FRONTIER COMMUNICATIONS CORP COM NEW,
FTRI,FIRST TR EXCHANGE TRADED FD II INDXX NAT RE ETF,
FTS,FORTIS INC COM,"Wolverine Trading, LLC"
FTSD,FRANKLIN ETF TR LIBERTY SHRT ETF,
FTSI,FTS INTERNATIONAL INC COM NEW CL A,
FTSL,FIRST TR EXCHANGE-TRADED FD IV SENIOR LN FD,
FTSM,FIRST TR EXCHANGE-TRADED FD IV FIRST TR ENH NEW,
FTV,FORTIVE CORP COM,"Susquehanna Securities, LLC"
FTV-A,FORTIVE CORP 5% PFD CNV SER A,
FTXD,FIRST TR EXCHANGE-TRADED FD VI NASDAQ RETAIL,
FTXG,FIRST TR EXCHANGE-TRADED FD VI NASDQ FOD BVRG,
FTXH,FIRST TR EXCHANGE-TRADED FD VI NASDQ PHRMTCLS,
FTXL,FIRST TR EXCHANGE-TRADED FD VI NASDQ SEMCNDTR,
FTXN,FIRST TR EXCHANGE-TRADED FD VI NASDQ OIL GAS,
FTXO,FIRST TR EXCHANGE-TRADED FD VI NASDAQ BK ETF,
FTXR,FIRST TR EXCHANGE-TRADED FD VI NASDAQ TRANSN,
FUBO,FUBOTV INC COM,"Susquehanna Securities, LLC"
FUE,SWEDISH EXPT CR CORP BIOFUELS TTL RTN,
FUL,FULLER H B CO COM,Citadel Securities LLC
FULC,FULCRUM THERAPEUTICS INC COM,
FULT,FULTON FINL CORP PA COM,"Wolverine Trading, LLC"
FULTP,FULTON FINL CORP PA DEP PER PFD SR A,
FUMB,FIRST TR EXCH TRADED FD III ULTRA SHT DUR MU,
FUN,CEDAR FAIR L P DEPOSITRY UNIT,GTS Securities LLC
FUNC,FIRST UTD CORP COM,
FUND,SPROTT FOCUS TR INC COM,
FUNL,TRUST FOR ADVISED PORTFOLIOS CORNERCAP FUNDAM,
FURY,FURY GOLD MINES LIMITED COM,
FUSB,FIRST US BANCSHARES INC COM,
FUSE,FUSION ACQUISITION CORP CL A,
FUSE+,FUSION ACQUISITION CORP WT EXP 060127,
FUSE=,FUSION ACQUISITION CORP UNIT,
FUSN,FUSION PHARMACEUTICALS INC COM,
FUT,PROSHARES TR MANAGED FUT,
FUTU,FUTU HLDGS LTD SPON ADS CL A,"Susquehanna Securities, LLC"
FUTY,FIDELITY COVINGTON TRUST MSCI UTILS INDEX,Belvedere Trading LLC
FUV,ARCIMOTO INC COM,Belvedere Trading LLC
FV,FIRST TR EXCHANGE-TRADED FD VI DORSEY WRT 5 ETF,Belvedere Trading LLC
FVAL,FIDELITY COVINGTON TRUST VLU FACTOR ETF,
FVAM,5 01 ACQUISITION CORP COM CL A,
FVC,FIRST TR EXCHANGE-TRADED FD VI DORSEY WRIGHT,
FVCB,FVCBANKCORP INC COM,
FVD,FIRST TR VALUE LINE DIVID INDE SHS,Belvedere Trading LLC
FVE,FIVE STAR SENIOR LIVING INC COM NEW,
FVRR,FIVERR INTL LTD ORD SHS,"Group One Trading, L.P."
FWDB,ADVISORSHARES TR FOLIOBEYOND SMRT,
FWONA,LIBERTY MEDIA CORP DEL COM SER A FRMLA,"Susquehanna Securities, LLC"
FWONK,LIBERTY MEDIA CORP DEL COM SER C FRMLA,Citadel Securities LLC
FWP,FORWARD PHARMA A/S SPONSORD ADS NEW,
FWRD,FORWARD AIR CORP COM,
FXA,INVESCO CURRENCYSHARES AUSTRAL AUSTRALIAN DOL,Citadel Securities LLC
FXB,INVESCO CURRENCYSHARES BRIT PO BRIT POUN STRL,Citadel Securities LLC
FXC,INVESCO CURRENCYSHARES CDN DLR CDN DLR SHS,"Two Sigma Securities, LLC"
FXD,FIRST TR EXCHANGE TRADED FD II CONSUMR DISCRE,"Susquehanna Securities, LLC"
FXE,INVESCO CURRENCYSHARES EURO TR EURO SHS,Citadel Securities LLC
FXF,INVESCO CURRENCYSHARES SWISS F SWISS FRANC,Citadel Securities LLC
FXG,FIRST TR EXCHANGE TRADED FD II CONSUMR STAPLE,"Susquehanna Securities, LLC"
FXH,FIRST TR EXCHANGE TRADED FD II HLTH CARE ALPH,"Susquehanna Securities, LLC"
FXI,ISHARES TR CHINA LG-CAP ETF,Citadel Securities LLC
FXL,FIRST TR EXCHANGE TRADED FD II TECH ALPHADEX,"Susquehanna Securities, LLC"
FXN,FIRST TR EXCHANGE TRADED FD II ENERGY ALPHADX,"Susquehanna Securities, LLC"
FXNC,FIRST NATL CORP COM,
FXO,FIRST TR EXCHANGE TRADED FD II FINLS ALPHADEX,
FXP,PROSHARES TR ULTSHT FT CH 50,Citadel Securities LLC
FXR,FIRST TR EXCHANGE TRADED FD II INDLS PROD DUR,"Susquehanna Securities, LLC"
FXU,FIRST TR EXCHANGE TRADED FD II UTILITIES ALPH,"Susquehanna Securities, LLC"
FXY,INVESCO CURRENCYSHARES JAPANES JAPANESE YEN,Citadel Securities LLC
FXZ,FIRST TR EXCHANGE TRADED FD II MATERIALS ALPH,"Susquehanna Securities, LLC"
FYC,FIRST TR EXCHANGE-TRADED ALPHA SML CP GRW ALP,
FYLD,CAMBRIA ETF TR CAMBRIA FGN SHR,
FYT,FIRST TR EXCHANGE-TRADED ALPHA SML CAP VAL ALPH,
FYX,FIRST TR SML CP CORE ALPHA FD COM SHS,
G,GENPACT LIMITED SHS,"Group One Trading, L.P."
GAA,CAMBRIA ETF TR GLB ASSET ALLO,
GAB,GABELLI EQUITY TR INC COM,
GAB-G,GABELLI EQUITY TR INC PFD-G,
GAB-H,GABELLI EQUITY TR INC PFD SER H 5.00%,
GAB-J,GABELLI EQUITY TR INC PFD CUM SER J,
GAB-K,GABELLI EQUITY TR INC 5% CUM PFD SR K,
GABC,GERMAN AMERN BANCORP INC COM,
GAIA,GAIA INC NEW CL A,"Wolverine Trading, LLC"
GAIN,GLADSTONE INVT CORP COM,"Wolverine Trading, LLC"
GAINL,GLADSTONE INVT CORP 6.375% PFD SER E,
GAINM,GLADSTONE INVT CORP PFD SER D,
GAL,SSGA ACTIVE ETF TR GLOBL ALLO ETF,
GALT,GALECTIN THERAPEUTICS INC COM NEW,Citadel Securities LLC
GAM,GENERAL AMERN INVS CO INC COM,
GAM-B,GENERAL AMERN INVS CO INC PFD B 5.95%,
GAMR,ETF MANAGERS TR WEDBUSH VID GAME,
GAN,GAN LTD ORD SHS,Citadel Securities LLC
GASS,STEALTHGAS INC SHS,"Wolverine Trading, LLC"
GATO,GATOS SILVER INC COM,
GATX,GATX CORP COM,GTS Securities LLC
GAU,GALIANO GOLD INC COM,"Wolverine Trading, LLC"
GAZ,BARCLAYS BK PLC & BARCLAYS US IPATHBBGNATGAS37,
GB,GLOBAL BLUE GROUP HOLDING AG ORD SHS,
GB+,GLOBAL BLUE GROUP HOLDING AG WT EXP 082825,
GBAB,GUGGENHEIM TAXABLE MUNICP BOND COM,
GBCI,GLACIER BANCORP INC NEW COM,"Wolverine Trading, LLC"
GBDC,GOLUB CAP BDC INC COM,
GBDV,GLOBAL BETA ETF TR SMART INCOME,
GBF,ISHARES TR GOV/CRED BD ETF,
GBGR,GLOBAL BETA ETF TR RISING STARS,
GBIL,GOLDMAN SACHS ETF TR ACCES TREASURY,
GBIO,GENERATION BIO CO COM,
GBL,GAMCO INVS INC CL A COM,
GBLI,GLOBAL INDEMNITY GROUP LLC COM CL A,
GBLIL,GLOBAL INDEMNITY GROUP LLC 7.875% SUB NT 47,
GBLO,GLOBAL BETA ETF TR LOW BETA ETF,
GBR,NEW CONCEPT ENERGY INC COM,
GBS,GBS INC COM,
GBT,GLOBAL BLOOD THERAPEUTICS INC COM,"Susquehanna Securities, LLC"
GBUG,BARCLAYS BANK PLC PACER IPATH GLD,
GBX,GREENBRIER COS INC COM,Morgan Stanley & Co. LLC
GCBC,GREENE COUNTY BANCORP INC COM,
GCC,WISDOMTREE TR ENHNCD CMMDTY ST,
GCI,GANNETT CO INC COM,Belvedere Trading LLC
GCMG,GCM GROSVENOR INC COM CL A,
GCMGW,GCM GROSVENOR INC WT EXP 111725,
GCO,GENESCO INC COM,Citadel Securities LLC
GCOR,GOLDMAN SACHS ETF TR ACCESS US AGRAT,
GCOW,PACER FDS TR GLOBL CASH ETF,
GCP,GCP APPLIED TECHNOLOGIES INC COM,Citadel Securities LLC
GCV,GABELLI CONV & INC SECS FD INC COM,
GD,GENERAL DYNAMICS CORP COM,"Susquehanna Securities, LLC"
GDDY,GODADDY INC CL A,Morgan Stanley & Co. LLC
GDEN,GOLDEN ENTMT INC COM,"Wolverine Trading, LLC"
GDL,GDL FD COM SH BEN IT,
GDL-C,GDL FD 4% CUM PFD SER C,
GDMA,ALPHA ARCHITECT ETF TR GADSDN DYN MLT,
GDO,WESTERN ASSET GLOBAL CP DEFINE COM,
GDOT,GREEN DOT CORP CL A,Morgan Stanley & Co. LLC
GDP,GOODRICH PETE CORP COM PAR,
GDRX,GOODRX HLDGS INC COM CL A,"Susquehanna Securities, LLC"
GDS,GDS HLDGS LTD SPONSORED ADS,"Wolverine Trading, LLC"
GDV,GABELLI DIVID & INCOME TR COM,
GDV-G,GABELLI DIVID & INCOME TR 5.25% SR G CUM,
GDV-H,GABELLI DIVID & INCOME TR 5.375 SR H CUM P,
GDVD,PRINCIPAL EXCHANGE-TRADED FDS PRINCIPAL ACTV,
GDX,VANECK VECTORS ETF TR GOLD MINERS ETF,Citadel Securities LLC
GDXD,BANK OF MONTREAL MICRSCTR GLD 3X,
GDXJ,VANECK VECTORS ETF TR JR GOLD MINERS E,"Susquehanna Securities, LLC"
GDXU,BANK OF MONTREAL MICROSCTR 3X LEV,
GDYN,GRID DYNAMICS HLDGS INC CL A,
GDYNW,GRID DYNAMICS HLDGS INC WT EXP 030525,
GE,GENERAL ELECTRIC CO COM,"Susquehanna Securities, LLC"
GEC,GREAT ELM CAP GROUP INC COM NEW,
GECC,GREAT ELM CAP CORP COM,
GECCL,GREAT ELM CAP CORP 6.5% NT DUE 2022,
GECCM,GREAT ELM CAP CORP 6.75% NT 25,
GECCN,GREAT ELM CAP CORP CAL NT 24,
GEENQ,GLOBAL EAGLE ENTMT INC COM NEW,"Susquehanna Securities, LLC"
GEF,GREIF INC CL A,"Susquehanna Securities, LLC"
GEF.B,GREIF INC CL B,
GEL,GENESIS ENERGY L P UNIT LTD PARTN,"Susquehanna Securities, LLC"
GEM,GOLDMAN SACHS ETF TR ACTIVEBETA EME,Belvedere Trading LLC
GEN,GENESIS HEALTHCARE INC CL A COM,
GENC,GENCOR INDS INC COM,
GENE,GENETIC TECHNOLOGIES LTD NEW SPONSRD ADR,
GENY,PRINCIPAL EXCHANGE-TRADED FDS PRCPL MIL INDX,
GEO,GEO GROUP INC NEW COM,"Susquehanna Securities, LLC"
GEOS,GEOSPACE TECHNOLOGIES CORP COM,"Susquehanna Securities, LLC"
GER,GOLDMAN SACHS MLP ENERGY RENAI COM,
GERM,ETF MANAGERS TR TREATMENTS TSTNG,Belvedere Trading LLC
GERN,GERON CORP COM,"Susquehanna Securities, LLC"
GES,GUESS INC COM,"Two Sigma Securities, LLC"
GEVO,GEVO INC COM PAR,
GF,NEW GERMANY FD INC COM,
GFED,GUARANTY FED BANCSHARES INC COM,
GFF,GRIFFON CORP COM,"Susquehanna Securities, LLC"
GFI,GOLD FIELDS LTD SPONSORED ADR,"Susquehanna Securities, LLC"
GFL,GFL ENVIRONMENTAL INC SUB VTG SHS,"Group One Trading, L.P."
GFLU,GFL ENVIRONMENTAL INC TANGIBLE EQ UNIT,
GFN,GENERAL FIN CORP DEL COM,
GFNCP,GENERAL FIN CORP DEL RED PRP PFD C,
GFNSL,GENERAL FIN CORP DEL SR NT,
GFNSZ,GENERAL FIN CORP DEL CAL NT 25,
GFX=,GOLDEN FALCON ACQUISITION CORP UNIT,
GGAL,GRUPO FINANCIERO GALICIA S.A. SPONSORED ADR,"Group One Trading, L.P."
GGB,GERDAU SA SPON ADR REP PFD,"Group One Trading, L.P."
GGG,GRACO INC COM,"Wolverine Trading, LLC"
GGM,GUGGENHEIM CR ALLOCATION FD COM,
GGN,GAMCO GLOBAL GOLD NAT RES & COM SH BEN INT,
GGN-B,GAMCO GLOBAL GOLD NAT RES & PFD SER B 5.00%,
GGO,GABELLI GO ANYWHERE TR COM,
GGO-A,GABELLI GO ANYWHERE TR CUM PUTT PFD A,
GGT,GABELLI MULTIMEDIA TR INC COM,
GGT-E,GABELLI MULTIMEDIA TR INC 5.125% PFD SER E,
GGT-G,GABELLI MULTIMEDIA TR INC 5.125% SER G PFD,
GGZ,GABELLI GLOBAL SMALL & MID CAP COM,
GGZ-A,GABELLI GLOBAL SMALL & MID CAP PFD CUM SER A,
GH,GUARDANT HEALTH INC COM,Citadel Securities LLC
GHC,GRAHAM HLDGS CO COM CL B,
GHG,GREENTREE HOSPITALITY GROUP SPONSORED ADS,
GHIV,GORES HLDGS IV INC COM CL A,"Wolverine Trading, LLC"
GHIVU,GORES HLDGS IV INC UNIT EXP 020123,
GHIVW,GORES HLDGS IV INC WT EXP 012225,
GHL,GREENHILL & CO INC COM,"Susquehanna Securities, LLC"
GHLD,GUILD HLDGS CO CL A,
GHM,GRAHAM CORP COM,
GHSI,GUARDION HEALTH SCIENCES INC COM NEW,
GHVIU,GORES HOLDINGS VI INC UNIT EXP 082427,
GHY,PGIM GLOBAL HIGH YIELD FD FORM COM,
GHYB,GOLDMAN SACHS ETF TR ACCESS HIG YLD,Belvedere Trading LLC
GHYG,ISHARES INC US INTL HGH YLD,
GIB,CGI INC CL A SUB VTG,"Susquehanna Securities, LLC"
GIFI,GULF ISLAND FABRICATION INC COM,"Wolverine Trading, LLC"
GIGB,GOLDMAN SACHS ETF TR ACCESS INVT GR,"Wolverine Trading, LLC"
GIGE,TIDAL ETF TR SOFI GIG ETF,
GIGM,GIGAMEDIA LTD SHS NEW,
GII,SPDR INDEX SHS FDS S&P GBLINF ETF,
GIII,G III APPAREL GROUP LTD COM,"Wolverine Trading, LLC"
GIK,GIGCAPITAL3 INC COM,Citadel Securities LLC
GIK+,GIGCAPITAL3 INC WT EXP 051825,
GIK=,GIGCAPITAL3 INC UNIT,
GIL,GILDAN ACTIVEWEAR INC COM,"Susquehanna Securities, LLC"
GILD,GILEAD SCIENCES INC COM,GTS Securities LLC
GILT,GILAT SATELLITE NETWORKS LTD SHS NEW,
GIM,TEMPLETON GLOBAL INCOME FD COM,
GINN,GOLDMAN SACHS ETF TR INNOVAT EQ ETF,"Group One Trading, L.P."
GIS,GENERAL MLS INC COM,Citigroup Derivatives Markets Inc.
GIX,GIGCAPITAL2 INC COM,"Wolverine Trading, LLC"
GIX+,GIGCAPITAL2 INC WT EXP 022826,
GIX=,GIGCAPITAL2 INC UNIT EX 022826,
GIX^,GIGCAPITAL2 INC RT,
GJH,STRATS TR UTD STS CELLULAR COR STRATS 6.375,
GJO,STRATS TR WAL MART STORES INC STRT CTF 05-4,
GJP,STRATS TR FOR DOMINION RES INC STRT CTF 05-6,
GJR,STRATS TR FOR PROCTR&GAMBL SEC CTF 2006-1,
GJS,STRATS TR GOLDMAN SACHS GROUP STRATS CTF 33,
GJT,STRATS TR ALLSTATE CORP 06-3 ASSET BKD,
GKOS,GLAUKOS CORP COM,Citadel Securities LLC
GL,GLOBE LIFE INC COM,GTS Securities LLC
GL-C,GLOBE LIFE INC JR SUB DEB 56,
GLAD,GLADSTONE CAPITAL CORP COM,"Susquehanna Securities, LLC"
GLADD,GLADSTONE CAPITAL CORP 6.125% SR NT23,
GLADL,GLADSTONE CAPITAL CORP 5.375% NT 2024,
GLAQU,GLOBIS ACQUISITION CORP UNIT EXP 110125,
GLBS,GLOBUS MARITIME LIMITED NEW COM NEW,
GLBZ,GLEN BURNIE BANCORP COM,
GLCN,VANECK VECTORS ETF TR CHINA GRWTH LEAD,Belvedere Trading LLC
GLD,SPDR GOLD TR GOLD SHS,Morgan Stanley & Co. LLC
GLDD,GREAT LAKES DREDGE & DOCK CORP COM,"Group One Trading, L.P."
GLDG,GOLDMINING INC COM,
GLDI,CREDIT SUISSE AG NASSAU BRH X LINK GOLD SHS,
GLDM,WORLD GOLD TR SPDR GLD MINIS,
GLEO,GALILEO ACQUISITION CORP SHS,
GLEO+,GALILEO ACQUISITION CORP WT EXP 103126,
GLEO=,GALILEO ACQUISITION CORP UNIT,
GLG,TD HLDGS INC COM,
GLIF,AGF INVTS TR AGFIQ GBL INFR,
GLIN,VANECK VECTORS ETF TR INDIA GRWTH LDR,
GLL,PROSHARES TR II ULTRASHRT NEW,GTS Securities LLC
GLMD,GALMED PHARMACEUTICALS LTD SHS,
GLNG,GOLAR LNG LTD SHS,"Group One Trading, L.P."
GLO,CLOUGH GLOBAL OPPORTUNITIES FD SH BEN INT,
GLOB,GLOBANT S A COM,"Group One Trading, L.P."
GLOG,GASLOG LTD SHS,"Wolverine Trading, LLC"
GLOG-A,GASLOG LTD PFD SHS SER A,
GLOP,GASLOG PARTNERS LP UNIT LTD PTNRP,Belvedere Trading LLC
GLOP-A,GASLOG PARTNERS LP PFD UNIT SER A,
GLOP-B,GASLOG PARTNERS LP 8.20% PFD UNIT B,
GLOP-C,GASLOG PARTNERS LP 8.5 CUM PFD UT C,
GLP,GLOBAL PARTNERS LP COM UNITS,Morgan Stanley & Co. LLC
GLP-A,GLOBAL PARTNERS LP 9.75 PFD UT SR A,
GLPG,GALAPAGOS NV SPON ADR,"Susquehanna Securities, LLC"
GLPI,GAMING & LEISURE PPTYS INC COM,Citadel Securities LLC
GLQ,CLOUGH GLOBAL EQUITY FD COM,
GLRE,GREENLIGHT CAPITAL RE LTD CLASS A,Belvedere Trading LLC
GLRY,NORTHERN LTS FD TR IV INSPIRE FAITH MD,
GLSI,GREENWICH LIFESCIENCES INC COM,
GLT,GLATFELTER CORPORATION COM,Belvedere Trading LLC
GLTO,GALECTO INC COM,
GLTR,ABERDEEN STD PRECIOUS METALS B PHYSCL PM BASKET,
GLU,GABELLI GLOBL UTIL & INCOME TR COM SH BEN INT,
GLU-A,GABELLI GLOBL UTIL & INCOME TR PFD A PUTT CAL,
GLU-B,GABELLI GLOBL UTIL & INCOME TR 7% CUM SER B,
GLUU,GLU MOBILE INC COM,"Susquehanna Securities, LLC"
GLV,CLOUGH GLOBAL DIVID & INCOME F COM,
GLW,CORNING INC COM,"Two Sigma Securities, LLC"
GLYC,GLYCOMIMETICS INC COM,"Susquehanna Securities, LLC"
GM,GENERAL MTRS CO COM,Morgan Stanley & Co. LLC
GMAB,GENMAB A/S SPONSORED ADS,
GMBL,ESPORTS ENTMT GROUP INC COM,
GMBLW,ESPORTS ENTMT GROUP INC WT EXP 033125,
GMDA,GAMIDA CELL LTD SHS,
GME,GAMESTOP CORP NEW CL A,"Wolverine Trading, LLC"
GMED,GLOBUS MED INC CL A,Citadel Securities LLC
GMF,SPDR INDEX SHS FDS ASIA PACIF ETF,Belvedere Trading LLC
GMLP,GOLAR LNG PARTNERS LP COM UNIT LPI,"Wolverine Trading, LLC"
GMLPP,GOLAR LNG PARTNERS LP 8.75% CUM PFD A,
GMMVF,G MED INNOVATIONS HLDGS LTD COM,
GMOM,CAMBRIA ETF TR GLB MOMENT ETF,
GMRE,GLOBAL MED REIT INC COM NEW,"Susquehanna Securities, LLC"
GMRE-A,GLOBAL MED REIT INC 7.50% CUM PFD A,
GMS,GMS INC COM,"Wolverine Trading, LLC"
GMTA,GATX CORP SR NT 2066,
GNAF,BANK OF MONTREAL INVERSE ETN,
GNCA,GENOCEA BIOSCIENCES INC COM NEW,
GNE,GENIE ENERGY LTD CL B,
GNE-A,GENIE ENERGY LTD PFD-2012-A,
GNFT,GENFIT S A ADS,
GNK,GENCO SHIPPING & TRADING LTD SHS,
GNL,GLOBAL NET LEASE INC COM NEW,
GNL-A,GLOBAL NET LEASE INC 7.25% CUM PFD A,
GNL-B,GLOBAL NET LEASE INC 6.875% CUM PFD B,
GNLN,GREENLANE HLDGS INC CL A,
GNMA,ISHARES TR GNMA BOND ETF,
GNMK,GENMARK DIAGNOSTICS INC COM,Citadel Securities LLC
GNOM,GLOBAL X FDS GENOMIC BIOTECH,
GNPK=,GENESIS PK ACQUISITION CORP UNIT EX,
GNPX,GENPREX INC COM,"Susquehanna Securities, LLC"
GNR,SPDR INDEX SHS FDS GLB NAT RESRCE,"Susquehanna Securities, LLC"
GNRC,GENERAC HLDGS INC COM,"Wolverine Trading, LLC"
GNRS,GREENROSE ACQUISITION CORP COM,
GNRSU,GREENROSE ACQUISITION CORP UNIT EXP 022824,
GNRSW,GREENROSE ACQUISITION CORP WT EXP 081126,
GNSS,GENASYS INC COM,"Wolverine Trading, LLC"
GNT,GAMCO NAT RES GOLD & INCOME TR SH BEN INT,
GNT-A,GAMCO NAT RES GOLD & INCOME TR 5.20% PFD SER A,
GNTX,GENTEX CORP COM,Morgan Stanley & Co. LLC
GNTY,GUARANTY BANCSHARES INC TEX COM,
GNUS,GENIUS BRANDS INTL INC COM,"Susquehanna Securities, LLC"
GNW,GENWORTH FINL INC COM CL A,GTS Securities LLC
GO,GROCERY OUTLET HLDG CORP COM,"Wolverine Trading, LLC"
GOAC,GO ACQUISITION CORP COM,
GOAC+,GO ACQUISITION CORP WT EXP 083127,
GOAC=,GO ACQUISITION CORP UNIT EX 083127,
GOAT,VANECK VECTORS ETF TR MRNGSTR GBL WD,
GOAU,ETF SER SOLUTIONS US GBL GLD PRE,
GOCO,GOHEALTH INC COM CL A,Citadel Securities LLC
GOED,1847 GOEDEKER INC COM,
GOEV,CANOO INC COM CL A,"Susquehanna Securities, LLC"
GOEVW,CANOO INC WT EXP 122125,
GOEX,GLOBAL X FDS GLOBAL X GOLD EX,Belvedere Trading LLC
GOF,GUGGENHEIM STRATEGIC OPPORTUN COM SBI,
GOGL,GOLDEN OCEAN GROUP LTD SHS NEW,Morgan Stanley & Co. LLC
GOGO,GOGO INC COM,Morgan Stanley & Co. LLC
GOL,GOL LINHAS AEREAS INTELIGENTES SPON ADR PFD NEW,"Group One Trading, L.P."
GOLD,BARRICK GOLD CORP COM,"Two Sigma Securities, LLC"
GOLF,ACUSHNET HOLDINGS CORP COM,Citadel Securities LLC
GOOD,GLADSTONE COMMERCIAL CORP COM,"Wolverine Trading, LLC"
GOODM,GLADSTONE COMMERCIAL CORP PFD SER D,
GOODN,GLADSTONE COMMERCIAL CORP 6.625 SR E PFD,
GOOG,ALPHABET INC CAP STK CL C,"Susquehanna Securities, LLC"
GOOGL,ALPHABET INC CAP STK CL A,"Susquehanna Securities, LLC"
GOOS,CANADA GOOSE HLDGS INC SHS SUB VTG,Citadel Securities LLC
GORO,GOLD RESOURCE CORP COM,"Wolverine Trading, LLC"
GOSS,GOSSAMER BIO INC COM,Citadel Securities LLC
GOVT,ISHARES TR US TREAS BD ETF,"Wolverine Trading, LLC"
GOVX,GEOVAX LABS INC COM,
GOVXW,GEOVAX LABS INC WT EXP 092925,
GOVZ,ISHARES TR ISHARES 25+ YR T,
GP,GREENPOWER MTR CO INC COM NEW,
GPC,GENUINE PARTS CO COM,GTS Securities LLC
GPI,GROUP 1 AUTOMOTIVE INC COM,GTS Securities LLC
GPJA,GEORGIA PWR CO 5% JR SUB NT 77,
GPK,GRAPHIC PACKAGING HLDG CO COM,"Wolverine Trading, LLC"
GPL,GREAT PANTHER MNG LTD COM,"Group One Trading, L.P."
GPM,GUGGENHEIM ENHANCED EQUITY INC COM,
GPMT,GRANITE PT MTG TR INC COM STK,"Wolverine Trading, LLC"
GPN,GLOBAL PMTS INC COM,"Wolverine Trading, LLC"
GPORQ,GULFPORT ENERGY CORP COM NEW,Morgan Stanley & Co. LLC
GPP,GREEN PLAINS PARTNERS LP COM REP PTR IN,"Group One Trading, L.P."
GPRE,GREEN PLAINS INC COM,"Wolverine Trading, LLC"
GPRK,GEOPARK LTD USD SHS,"Susquehanna Securities, LLC"
GPRO,GOPRO INC CL A,Citadel Securities LLC
GPS,GAP INC COM,"Susquehanna Securities, LLC"
GPX,GP STRATEGIES CORP COM,
GQRE,FLEXSHARES TR GLB QLT R/E IDX,
GRA,GRACE W R & CO DEL NEW COM,Belvedere Trading LLC
GRAY,GRAYBUG VISION INC COM SHS,
GRBK,GREEN BRICK PARTNERS INC COM,"Susquehanna Securities, LLC"
GRC,GORMAN RUPP CO COM,"Wolverine Trading, LLC"
GRCY,GREENCITY ACQUISITION CORP COM,
GRCYU,GREENCITY ACQUISITION CORP UNIT EXP 043026,
GRCYW,GREENCITY ACQUISITION CORP WT EXP 042827,
GREK,GLOBAL X FDS MSCI GREECE ETF,"Susquehanna Securities, LLC"
GRES,INDEXIQ ETF TR IQ GLB RES ETF,
GRF,EAGLE CAP GROWTH FD INC COM,
GRFS,GRIFOLS S A SP ADR REP B NVT,"Wolverine Trading, LLC"
GRID,FIRST TR EXCHANGE TRADED FD II NASDQ CLN EDGE,
GRIF,GRIFFIN INDL RLTY INC COM,
GRIL,MUSCLE MAKER INC COM,
GRIN,GRINDROD SHIPPING HOLDINGS LTD SHS,
GRMN,GARMIN LTD SHS,Citadel Securities LLC
GRN,BARCLAYS BK PLC ETN 49,
GRNB,VANECK VECTORS ETF TR GREEN BD ETF,
GRNQ,GREENPRO CAP CORP COM,
GRNV,GREENVISION ACQUISITION CORP COM,
GRNVR,GREENVISION ACQUISITION CORP RT,
GRNVU,GREENVISION ACQUISITION CORP UNIT EX 102824,
GRNVW,GREENVISION ACQUISITION CORP WT EXP 102824,
GROW,U S GLOBAL INVS INC CL A,"Susquehanna Securities, LLC"
GRP=,GRANITE REAL ESTATE INVT TR STAPLED UNIT,
GRPN,GROUPON INC COM NEW,Citadel Securities LLC
